# Point, time, Vf, Vu, Im, Ach, vsig, temp, Cycle, ie_range, overload, stop_test
0,0.1,0.00019911223,0.0,-4.0863797e-06,0.0,-8.761883e-06,2.8746,0,12,8191,0
1,0.2,0.010081438,0.0,4.3147215e-06,0.0,0.00999096,2.8746,0,11,8191,0
2,0.3,0.020063952,0.0,1.0465531e-05,0.0,0.019990623,2.8746,0,10,8191,0
3,0.4,0.030092264,0.0,1.5114699e-05,0.0,0.029990315,2.8746,0,9,8191,0
4,0.5,0.040085584,0.0,2.005708e-05,0.0,0.039990008,2.8746,0,8,8191,0
5,0.6,0.05009965,0.0,2.5062376e-05,0.0,0.0499897,2.8746,0,8,8191,0
6,0.7,0.0601029,0.0,3.0062592e-05,0.0,0.059989393,2.8745,0,8,8191,0
7,0.8,0.07010813,0.0,3.5062916e-05,0.0,0.069989085,2.8745,0,8,8191,0
8,0.90000004,0.08011166,0.0,4.0062452e-05,0.0,0.07998875,2.8745,0,8,8191,0
9,1.0,0.09010814,0.0,4.506171e-05,0.0,0.08998844,2.8745,0,8,8191,0
10,1.1,0.100090444,0.0,5.0052768e-05,0.0,0.09998813,2.8745,0,8,8191,0
11,1.2,0.11009423,0.0,5.5052624e-05,0.0,0.109987825,2.8745,0,8,8191,0
12,1.3000001,0.12009885,0.0,6.00537e-05,0.0,0.11998752,2.8745,0,8,8191,0
13,1.4,0.13010052,0.0,6.505446e-05,0.0,0.12998721,2.8745,0,8,8191,0
14,1.5,0.14010043,0.0,7.0053364e-05,0.0,0.13998687,2.8745,0,8,8191,0
15,1.6,0.15010855,0.0,7.505541e-05,0.0,0.14998657,2.8745,0,8,8191,0
16,1.7,0.16010696,0.0,8.005597e-05,0.0,0.15998626,2.8746,0,8,8191,0
17,1.8000001,0.17010498,0.0,8.505449e-05,0.0,0.16998595,2.8746,0,8,8191,0
18,1.9,0.18011364,0.0,9.005874e-05,0.0,0.17998564,2.8746,0,8,8191,0
19,2.0,0.19012596,0.0,9.5122145e-05,0.0,0.18998533,2.8746,0,9,8191,0
20,2.1000001,0.20013368,0.0,0.00010012435,0.0,0.19998503,2.8746,0,9,8191,0
21,2.2,0.21013546,0.0,0.000105138664,0.0,0.20998469,2.8746,0,9,8191,0
22,2.3,0.22013415,0.0,0.00011013362,0.0,0.21998438,2.8746,0,9,8191,0
23,2.4,0.23014706,0.0,0.000115134906,0.0,0.22998407,2.8746,0,9,8191,0
24,2.5,0.24014834,0.0,0.00012014382,0.0,0.23998377,2.8746,0,9,8191,0
25,2.6000001,0.25015286,0.0,0.0001251393,0.0,0.24998346,2.8746,0,9,8191,0
26,2.7,0.26015574,0.0,0.00013014211,0.0,0.25998312,2.8746998,0,9,8191,0
27,2.8,0.27015153,0.0,0.00013513396,0.0,0.2699828,2.8746998,0,9,8191,0
28,2.9,0.28023127,0.0,0.00014014513,0.0,0.2799825,2.8746998,0,9,8191,0
29,3.0,0.29023632,0.0,0.00014514233,0.0,0.2899822,2.8746998,0,9,8191,0
30,3.1000001,0.3002298,0.0,0.0001501404,0.0,0.2999819,2.8746998,0,9,8191,0
31,3.2,0.31024408,0.0,0.00015514664,0.0,0.30998158,2.8746998,0,9,8191,0
32,3.3,0.3202508,0.0,0.00016014093,0.0,0.31998128,2.8746998,0,9,8191,0
33,3.4,0.33024594,0.0,0.00016514053,0.0,0.32998097,2.8746998,0,9,8191,0
34,3.5,0.34025058,0.0,0.000170137,0.0,0.33998066,2.8746998,0,9,8191,0
35,3.6000001,0.35026205,0.0,0.00017515023,0.0,0.34998032,2.8746998,0,9,8191,0
36,3.7,0.36029065,0.0,0.00018014717,0.0,0.35998002,2.8746998,0,9,8191,0
37,3.8,0.37026548,0.0,0.00018514544,0.0,0.3699797,2.8746998,0,9,8191,0
38,3.9,0.38026905,0.0,0.00019014947,0.0,0.37997937,2.8746998,0,9,8191,0
39,4.0,0.39027968,0.0,0.00019514763,0.0,0.38997906,2.8746998,0,9,8191,0
40,4.1,0.40028566,0.0,0.00020014611,0.0,0.39997876,2.8746998,0,9,8191,0
41,4.2000003,0.41030732,0.0,0.00020515858,0.0,0.40997845,2.8746998,0,9,8191,0
42,4.3,0.42028767,0.0,0.00021015757,0.0,0.41997814,2.8746998,0,9,8191,0
43,4.4,0.43029594,0.0,0.00021516097,0.0,0.42997783,2.8746998,0,9,8191,0
44,4.5,0.4403134,0.0,0.00022015741,0.0,0.43997753,2.8746998,0,9,8191,0
45,4.6,0.4503231,0.0,0.00022515941,0.0,0.44997722,2.8746998,0,9,8191,0
46,4.7000003,0.46031767,0.0,0.00023015839,0.0,0.45997688,2.8744,0,9,8191,0
47,4.8,0.47031337,0.0,0.0002351679,0.0,0.46997657,2.8744,0,9,8191,0
48,4.9,0.4803307,0.0,0.00024016449,0.0,0.47997627,2.8744,0,9,8191,0
49,5.0,0.49033833,0.0,0.00024517006,0.0,0.48997596,2.8744,0,9,8191,0
50,5.1,0.50034297,0.0,0.00025016852,0.0,0.49997565,2.8744,0,9,8191,0
51,5.2000003,0.5103246,0.0,0.0002551632,0.0,0.5099753,2.8744,0,9,8191,0
52,5.3,0.5204037,0.0,0.00026018915,0.0,0.520025,2.8744,0,9,8191,0
53,5.4,0.5304046,0.0,0.0002651916,0.0,0.5300247,2.8744,0,9,8191,0
54,5.5,0.54041684,0.0,0.00027019062,0.0,0.5400244,2.8744,0,9,8191,0
55,5.6,0.55039966,0.0,0.00027518522,0.0,0.5500241,2.8744,0,9,8191,0
56,5.7000003,0.5604132,0.0,0.00028018674,0.0,0.5600238,2.8744,0,9,8191,0
57,5.8,0.57044345,0.0,0.00028519382,0.0,0.5700235,2.8744,0,9,8191,0
58,5.9,0.58042747,0.0,0.0002901807,0.0,0.58002317,2.8744,0,9,8191,0
59,6.0,0.5904469,0.0,0.0002951945,0.0,0.5900228,2.8744,0,9,8191,0
60,6.1,0.60044146,0.0,0.00030019064,0.0,0.6000225,2.8744,0,9,8191,0
61,6.2000003,0.6104481,0.0,0.0003051889,0.0,0.6100222,2.8744,0,9,8191,0
62,6.3,0.6204642,0.0,0.0003101922,0.0,0.6200219,2.8744,0,9,8191,0
63,6.4,0.6304603,0.0,0.00031519632,0.0,0.6300216,2.8744,0,9,8191,0
64,6.5,0.64048177,0.0,0.00032019286,0.0,0.64002126,2.8744,0,9,8191,0
65,6.6,0.6504737,0.0,0.00032519878,0.0,0.65002096,2.8744,0,9,8191,0
66,6.7000003,0.660488,0.0,0.00033020464,0.0,0.66002065,2.8744,0,9,8191,0
67,6.8,0.67050546,0.0,0.00033520244,0.0,0.67002034,2.8744,0,9,8191,0
68,6.9,0.68051636,0.0,0.00034019584,0.0,0.68002003,2.8744,0,9,8191,0
69,7.0,0.69050384,0.0,0.00034520644,0.0,0.6900197,2.8744,0,9,8191,0
70,7.1,0.70049924,0.0,0.00035020796,0.0,0.70001936,2.8744,0,9,8191,0
71,7.2000003,0.7104851,0.0,0.00035519738,0.0,0.7100191,2.8744,0,9,8191,0
72,7.3,0.7205229,0.0,0.00036020155,0.0,0.72001874,2.8744,0,9,8191,0
73,7.4,0.7305327,0.0,0.0003651994,0.0,0.73001844,2.8744,0,9,8191,0
74,7.5,0.7405244,0.0,0.00037019516,0.0,0.7400181,2.8744,0,9,8191,0
75,7.6,0.7505358,0.0,0.00037520137,0.0,0.7500178,2.8744,0,9,8191,0
76,7.7000003,0.7605336,0.0,0.00038021768,0.0,0.7600175,2.8744,0,9,8191,0
77,7.8,0.7705558,0.0,0.00038521228,0.0,0.7700172,2.8744,0,9,8191,0
78,7.9,0.78052765,0.0,0.00039020626,0.0,0.7800169,2.8744,0,9,8191,0
79,8.0,0.7905404,0.0,0.00039521026,0.0,0.7900166,2.8744,0,9,8191,0
80,8.1,0.80056447,0.0,0.00040020657,0.0,0.8000163,2.8744,0,9,8191,0
81,8.2,0.8105636,0.0,0.00040520242,0.0,0.8100159,2.8744,0,9,8191,0
82,8.3,0.8205659,0.0,0.00041020842,0.0,0.82001567,2.8744,0,9,8191,0
83,8.400001,0.83054876,0.0,0.00041521003,0.0,0.8300153,2.8744,0,9,8191,0
84,8.5,0.84056765,0.0,0.00042022325,0.0,0.84001505,2.8744,0,9,8191,0
85,8.6,0.85057616,0.0,0.00042521677,0.0,0.8500147,2.8744,0,9,8191,0
86,8.7,0.8605724,0.0,0.0004302218,0.0,0.8600144,2.8744,0,9,8191,0
87,8.8,0.87058496,0.0,0.00043522005,0.0,0.8700141,2.8744,0,9,8191,0
88,8.900001,0.8805831,0.0,0.0004402224,0.0,0.88001376,2.8744,0,9,8191,0
89,9.0,0.89059556,0.0,0.00044522795,0.0,0.89001346,2.8744,0,9,8191,0
90,9.1,0.9006008,0.0,0.00045022645,0.0,0.90001315,2.8744,0,9,8191,0
91,9.2,0.9105735,0.0,0.00045520792,0.0,0.91001284,2.8744,0,9,8191,0
92,9.3,0.9205694,0.0,0.00046021165,0.0,0.92001253,2.8744,0,9,8191,0
93,9.400001,0.93059194,0.0,0.0004652185,0.0,0.9300122,2.8744,0,9,8191,0
94,9.5,0.9406027,0.0,0.00047022072,0.0,0.94001186,2.8744,0,9,8191,0
95,9.6,0.95060784,0.0,0.00047521925,0.0,0.9500116,2.8744,0,9,8191,0
96,9.7,0.9606156,0.0,0.00048021434,0.0,0.96001124,2.8744,0,9,8191,0
97,9.8,0.97061163,0.0,0.0004852188,0.0,0.970011,2.8744,0,9,8191,0
98,9.900001,0.9806189,0.0,0.00049021625,0.0,0.9800106,2.8744,0,9,8191,0
99,10.0,0.9906287,0.0,0.00049521704,0.0,0.9900103,2.8744,0,9,8191,0
100,10.1,1.0006421,0.0,0.00050022604,0.0,1.00001,2.8744,0,9,8191,0
101,10.2,1.0106193,0.0,0.00050521886,0.0,1.0100098,2.8744,0,9,8191,0
102,10.3,1.0206351,0.0,0.0005102227,0.0,1.0200094,2.8744,0,9,8191,0
103,10.400001,1.0306705,0.0,0.0005152312,0.0,1.030009,2.8744,0,9,8191,0
104,10.5,1.0406847,0.0,0.00052022643,0.0,1.0400088,2.8744,0,9,8191,0
105,10.6,1.0506922,0.0,0.00052523875,0.0,1.0500085,2.8744,0,9,8191,0
106,10.7,1.0606745,0.0,0.0005302476,0.0,1.0600082,2.8744,0,9,8191,0
107,10.8,1.0706716,0.0,0.0005352369,0.0,1.0700078,2.8744,0,9,8191,0
108,10.900001,1.0806913,0.0,0.00054023595,0.0,1.0800076,2.8744,0,9,8191,0
109,11.0,1.0907012,0.0,0.00054523314,0.0,1.0900072,2.8744,0,9,8191,0
110,11.1,1.1006694,0.0,0.0005502327,0.0,1.1000068,2.8744,0,9,8191,0
111,11.2,1.1106896,0.0,0.0005552362,0.0,1.1100066,2.8744,0,9,8191,0
112,11.3,1.1206837,0.0,0.0005602249,0.0,1.1200063,2.8744,0,9,8191,0
113,11.400001,1.1307036,0.0,0.00056523184,0.0,1.130006,2.8744,0,9,8191,0
114,11.5,1.1407114,0.0,0.00057022535,0.0,1.1400056,2.8744,0,9,8191,0
115,11.6,1.1507057,0.0,0.0005752195,0.0,1.1500053,2.8744,0,9,8191,0
116,11.7,1.1607103,0.0,0.0005802235,0.0,1.1600051,2.8744,0,9,8191,0
117,11.8,1.1707137,0.0,0.0005852304,0.0,1.1700047,2.8744,0,9,8191,0
118,11.900001,1.1807241,0.0,0.0005902264,0.0,1.1800044,2.8744,0,9,8191,0
119,12.0,1.1907139,0.0,0.00059523433,0.0,1.1900041,2.8744,0,9,8191,0
120,12.1,1.2007301,0.0,0.0006002401,0.0,1.2000037,2.8744,0,9,8191,0
121,12.2,1.2107382,0.0,0.0006052339,0.0,1.2100034,2.8744,0,9,8191,0
122,12.3,1.2207348,0.0,0.0006102278,0.0,1.2200031,2.8744,0,9,8191,0
123,12.400001,1.2307543,0.0,0.00061524304,0.0,1.2300029,2.8744,0,9,8191,0
124,12.5,1.240738,0.0,0.0006202397,0.0,1.2400025,2.8744,0,9,8191,0
125,12.6,1.250742,0.0,0.00062525005,0.0,1.2500021,2.8744,0,9,8191,0
126,12.7,1.2607598,0.0,0.0006302492,0.0,1.2600019,2.8744,0,9,8191,0
127,12.8,1.2707659,0.0,0.00063525245,0.0,1.2700016,2.8744,0,9,8191,0
128,12.900001,1.2807859,0.0,0.0006402572,0.0,1.2800013,2.8744,0,9,8191,0
129,13.0,1.2907903,0.0,0.0006452683,0.0,1.2900009,2.8744,0,9,8191,0
130,13.1,1.3007828,0.0,0.00065027,0.0,1.3000007,2.8744,0,9,8191,0
131,13.2,1.3107979,0.0,0.00065526785,0.0,1.3100004,2.8744,0,9,8191,0
132,13.3,1.3207927,0.0,0.0006602576,0.0,1.32,2.8744,0,9,8191,0
133,13.400001,1.3307877,0.0,0.0006652669,0.0,1.3299997,2.8744,0,9,8191,0
134,13.5,1.3408225,0.0,0.0006702635,0.0,1.3399994,2.8744,0,9,8191,0
135,13.6,1.35082,0.0,0.0006752782,0.0,1.3499991,2.8744,0,9,8191,0
136,13.7,1.3608221,0.0,0.0006802724,0.0,1.3599987,2.8745,0,9,8191,0
137,13.8,1.37083,0.0,0.00068527495,0.0,1.3699985,2.8745,0,9,8191,0
138,13.900001,1.3808104,0.0,0.0006902739,0.0,1.3799982,2.8745,0,9,8191,0
139,14.0,1.390819,0.0,0.0006952716,0.0,1.3899978,2.8745,0,9,8191,0
140,14.1,1.4008417,0.0,0.00070027524,0.0,1.3999975,2.8745,0,9,8191,0
141,14.2,1.410862,0.0,0.00070528005,0.0,1.4099972,2.8745,0,9,8191,0
142,14.3,1.4208461,0.0,0.000710281,0.0,1.419997,2.8745,0,9,8191,0
143,14.400001,1.4308422,0.0,0.00071529014,0.0,1.4299966,2.8745,0,9,8191,0
144,14.5,1.4408742,0.0,0.0007202864,0.0,1.4399962,2.8745,0,9,8191,0
145,14.6,1.4508922,0.0,0.0007252892,0.0,1.449996,2.8745,0,9,8191,0
146,14.7,1.4609057,0.0,0.0007303007,0.0,1.4599956,2.8745,0,9,8191,0
147,14.8,1.4708829,0.0,0.0007352976,0.0,1.4699953,2.8745,0,9,8191,0
148,14.900001,1.4808967,0.0,0.0007402966,0.0,1.479995,2.8745,0,9,8191,0
149,15.0,1.4909319,0.0,0.0007452907,0.0,1.4899948,2.8745,0,9,8191,0
150,15.1,1.5009266,0.0,0.0007502901,0.0,1.4999944,2.8745,0,9,8191,0
151,15.2,1.5109218,0.0,0.0007552941,0.0,1.509994,2.8745,0,9,8191,0
152,15.3,1.5209285,0.0,0.00076030457,0.0,1.5199938,2.8745,0,9,8191,0
153,15.400001,1.530913,0.0,0.0007652912,0.0,1.5299935,2.8745,0,9,8191,0
154,15.5,1.5409377,0.0,0.0007702972,0.0,1.539993,2.8745,0,9,8191,0
155,15.6,1.5509413,0.0,0.00077530066,0.0,1.5499928,2.8745,0,9,8191,0
156,15.7,1.5609086,0.0,0.0007803017,0.0,1.5599926,2.8745,0,9,8191,0
157,15.8,1.5709281,0.0,0.00078529643,0.0,1.5699923,2.8745,0,9,8191,0
158,15.900001,1.5809435,0.0,0.0007903161,0.0,1.5799918,2.8745,0,9,8191,0
159,16.0,1.5909489,0.0,0.00079530576,0.0,1.5899916,2.8745,0,9,8191,0
160,16.1,1.6009398,0.0,0.00080030924,0.0,1.5999913,2.8745,0,9,8191,0
161,16.2,1.6109664,0.0,0.0008053146,0.0,1.6099911,2.8745,0,9,8191,0
162,16.300001,1.6209744,0.0,0.00081031566,0.0,1.6199906,2.8745,0,9,8191,0
163,16.4,1.6309773,0.0,0.00081532076,0.0,1.6299903,2.8745,0,9,8191,0
164,16.5,1.6409649,0.0,0.00082032994,0.0,1.6399901,2.8745,0,9,8191,0
165,16.6,1.6509467,0.0,0.0008253232,0.0,1.6499896,2.8745,0,9,8191,0
166,16.7,1.6609529,0.0,0.0008303178,0.0,1.6599894,2.8745,0,9,8191,0
167,16.800001,1.6709719,0.0,0.00083532813,0.0,1.6699891,2.8745,0,9,8191,0
168,16.9,1.6809679,0.0,0.0008403212,0.0,1.6799889,2.8745,0,9,8191,0
169,17.0,1.6910111,0.0,0.00084532046,0.0,1.6899884,2.8745,0,9,8191,0
170,17.1,1.7010071,0.0,0.0008503367,0.0,1.6999881,2.8745,0,9,8191,0
171,17.2,1.7109985,0.0,0.00085533806,0.0,1.7099879,2.8745,0,9,8191,0
172,17.300001,1.7210084,0.0,0.00086033385,0.0,1.7199876,2.8745,0,9,8191,0
173,17.4,1.7310089,0.0,0.00086532807,0.0,1.7299871,2.8745,0,9,8191,0
174,17.5,1.7409859,0.0,0.00087032304,0.0,1.7399869,2.8745,0,9,8191,0
175,17.6,1.7510023,0.0,0.0008753267,0.0,1.7499866,2.8745,0,9,8191,0
176,17.7,1.7610159,0.0,0.00088034075,0.0,1.7599862,2.8745,0,9,8191,0
177,17.800001,1.7710428,0.0,0.0008853367,0.0,1.7699859,2.8745,0,9,8191,0
178,17.9,1.7810524,0.0,0.0008903407,0.0,1.7799857,2.8745,0,9,8191,0
179,18.0,1.7910281,0.0,0.0008955559,0.0,1.7899854,2.8745,0,10,8191,0
180,18.1,1.8010217,0.0,0.00090054044,0.0,1.7999849,2.8745,0,10,8191,0
181,18.2,1.8110316,0.0,0.0009055472,0.0,1.8099847,2.8745,0,10,8191,0
182,18.300001,1.8210367,0.0,0.00091054745,0.0,1.8199844,2.8745,0,10,8191,0
183,18.4,1.831022,0.0,0.0009155933,0.0,1.8299842,2.8745,0,10,8191,0
184,18.5,1.841033,0.0,0.0009205485,0.0,1.8399837,2.8745,0,10,8191,0
185,18.6,1.8510845,0.0,0.000925543,0.0,1.8499835,2.8745,0,10,8191,0
186,18.7,1.8611041,0.0,0.00093046576,0.0,1.8599832,2.8745,0,10,8191,0
187,18.800001,1.8711208,0.0,0.0009356286,0.0,1.869983,2.8745,0,10,8191,0
188,18.9,1.8810941,0.0,0.00094059453,0.0,1.8799825,2.8745,0,10,8191,0
189,19.0,1.891095,0.0,0.00094556645,0.0,1.8899822,2.8745,0,10,8191,0
190,19.1,1.9011128,0.0,0.00095054024,0.0,1.899982,2.8745,0,10,8191,0
191,19.2,1.9111202,0.0,0.00095557113,0.0,1.9099815,2.8745,0,10,8191,0
192,19.300001,1.9211162,0.0,0.0009605139,0.0,1.9199812,2.8745,0,10,8191,0
193,19.4,1.9311441,0.0,0.00096556416,0.0,1.929981,2.8745,0,10,8191,0
194,19.5,1.9411235,0.0,0.00097050343,0.0,1.9399807,2.8745,0,10,8191,0
195,19.6,1.9511392,0.0,0.0009756233,0.0,1.9499803,2.8745,0,10,8191,0
196,19.7,1.9611459,0.0,0.0009805702,0.0,1.95998,2.8745,0,10,8191,0
197,19.800001,1.9711316,0.0,0.0009855813,0.0,1.9699798,2.8745,0,10,8191,0
198,19.9,1.9811372,0.0,0.0009905731,0.0,1.9799795,2.8745,0,10,8191,0
199,20.0,1.9911467,0.0,0.0009955488,0.0,1.989979,2.8745,0,10,8191,0
200,20.1,2.0011652,0.0,0.0010006014,0.0,1.9999788,2.8745,0,10,8191,0
201,20.2,1.9911283,0.0,0.0009956365,0.0,1.989979,2.8745,0,10,8191,0
202,20.300001,1.9811275,0.0,0.0009906221,0.0,1.9799795,2.8745,0,10,8191,0
203,20.4,1.9711044,0.0,0.0009856625,0.0,1.9699798,2.8745,0,10,8191,0
204,20.5,1.9611173,0.0,0.000980639,0.0,1.95998,2.8745,0,10,8191,0
205,20.6,1.9511211,0.0,0.0009756874,0.0,1.9499803,2.8745,0,10,8191,0
206,20.7,1.9411117,0.0,0.00097060663,0.0,1.9399807,2.8745,0,10,8191,0
207,20.800001,1.9311153,0.0,0.0009656371,0.0,1.929981,2.8745,0,10,8191,0
208,20.9,1.9211012,0.0,0.0009606571,0.0,1.9199812,2.8745,0,10,8191,0
209,21.0,1.9111159,0.0,0.00095569703,0.0,1.9099815,2.8745,0,10,8191,0
210,21.1,1.9011196,0.0,0.0009506995,0.0,1.899982,2.8745,0,10,8191,0
211,21.2,1.8911039,0.0,0.00094572105,0.0,1.8899822,2.8745,0,10,8191,0
212,21.300001,1.8810871,0.0,0.0009407309,0.0,1.8799825,2.8745,0,10,8191,0
213,21.4,1.8711305,0.0,0.000935758,0.0,1.869983,2.8745,0,10,8191,0
214,21.5,1.8611022,0.0,0.0009306045,0.0,1.8599832,2.8745,0,10,8191,0
215,21.6,1.8510977,0.0,0.0009257168,0.0,1.8499835,2.8745,0,10,8191,0
216,21.7,1.8410611,0.0,0.000920723,0.0,1.8399837,2.8744,0,10,8191,0
217,21.800001,1.8310502,0.0,0.0009157849,0.0,1.8299842,2.8744,0,10,8191,0
218,21.9,1.821055,0.0,0.00091075816,0.0,1.8199844,2.8744,0,10,8191,0
219,22.0,1.8110338,0.0,0.00090576144,0.0,1.8099847,2.8744,0,10,8191,0
220,22.1,1.801034,0.0,0.00090078346,0.0,1.7999849,2.8744,0,10,8191,0
221,22.2,1.7910283,0.0,0.0008958137,0.0,1.7899854,2.8744,0,10,8191,0
222,22.300001,1.781039,0.0,0.00089080347,0.0,1.7799857,2.8744,0,10,8191,0
223,22.4,1.7710335,0.0,0.0008857413,0.0,1.7699859,2.8744,0,10,8191,0
224,22.5,1.7610108,0.0,0.0008807192,0.0,1.7599862,2.8744,0,10,8191,0
225,22.6,1.7510068,0.0,0.0008757404,0.0,1.7499866,2.8744,0,10,8191,0
226,22.7,1.7409885,0.0,0.00087075145,0.0,1.7399869,2.8744,0,10,8191,0
227,22.800001,1.7309972,0.0,0.0008657113,0.0,1.7299871,2.8744,0,10,8191,0
228,22.9,1.7209766,0.0,0.0008607866,0.0,1.7199876,2.8744,0,10,8191,0
229,23.0,1.710992,0.0,0.000855762,0.0,1.7099879,2.8744,0,10,8191,0
230,23.1,1.7009642,0.0,0.0008507056,0.0,1.6999881,2.8744,0,10,8191,0
231,23.2,1.6909939,0.0,0.0008456347,0.0,1.6899884,2.8744,0,10,8191,0
232,23.300001,1.6809696,0.0,0.0008407016,0.0,1.6799889,2.8744,0,10,8191,0
233,23.4,1.6709422,0.0,0.0008356326,0.0,1.6699891,2.8744,0,10,8191,0
234,23.5,1.6609359,0.0,0.0008306483,0.0,1.6599894,2.8744,0,10,8191,0
235,23.6,1.6509329,0.0,0.00082564604,0.0,1.6499896,2.8744,0,10,8191,0
236,23.7,1.6409514,0.0,0.00082068413,0.0,1.6399901,2.8744,0,10,8191,0
237,23.800001,1.6309773,0.0,0.0008156418,0.0,1.6299903,2.8744,0,10,8191,0
238,23.9,1.6209525,0.0,0.0008106753,0.0,1.6199906,2.8744,0,10,8191,0
239,24.0,1.610944,0.0,0.0008056234,0.0,1.6099911,2.8744,0,10,8191,0
240,24.1,1.6009207,0.0,0.0008006016,0.0,1.5999913,2.8744,0,10,8191,0
241,24.2,1.5909448,0.0,0.00079523755,0.0,1.5899916,2.8744,0,9,8191,0
242,24.300001,1.5809397,0.0,0.00079025363,0.0,1.5799918,2.8744,0,9,8191,0
243,24.4,1.5709331,0.0,0.0007852468,0.0,1.5699923,2.8744,0,9,8191,0
244,24.5,1.5609119,0.0,0.00078024843,0.0,1.5599926,2.8744,0,9,8191,0
245,24.6,1.5509202,0.0,0.00077525305,0.0,1.5499928,2.8744,0,9,8191,0
246,24.7,1.5409267,0.0,0.000770255,0.0,1.539993,2.8744,0,9,8191,0
247,24.800001,1.5309123,0.0,0.00076526374,0.0,1.5299935,2.8744,0,9,8191,0
248,24.9,1.5209305,0.0,0.0007602749,0.0,1.5199938,2.8744,0,9,8191,0
249,25.0,1.5109191,0.0,0.0007552619,0.0,1.509994,2.8744,0,9,8191,0
250,25.1,1.5009181,0.0,0.00075026206,0.0,1.4999944,2.8744,0,9,8191,0
251,25.2,1.4909146,0.0,0.000745261,0.0,1.4899948,2.8744,0,9,8191,0
252,25.300001,1.4808925,0.0,0.00074026297,0.0,1.479995,2.8744,0,9,8191,0
253,25.4,1.4708849,0.0,0.0007352591,0.0,1.4699953,2.8744,0,9,8191,0
254,25.5,1.460892,0.0,0.00073025626,0.0,1.4599956,2.8744,0,9,8191,0
255,25.6,1.4508888,0.0,0.00072524697,0.0,1.449996,2.8744,0,9,8191,0
256,25.7,1.4408871,0.0,0.0007202549,0.0,1.4399962,2.8745,0,9,8191,0
257,25.800001,1.4308531,0.0,0.00071524904,0.0,1.4299966,2.8745,0,9,8191,0
258,25.9,1.4208531,0.0,0.00071024196,0.0,1.419997,2.8745,0,9,8191,0
259,26.0,1.4108661,0.0,0.0007052419,0.0,1.4099972,2.8745,0,9,8191,0
260,26.1,1.4008512,0.0,0.00070023874,0.0,1.3999975,2.8745,0,9,8191,0
261,26.2,1.3908364,0.0,0.0006952368,0.0,1.3899978,2.8745,0,9,8191,0
262,26.300001,1.3808138,0.0,0.000690236,0.0,1.3799982,2.8745,0,9,8191,0
263,26.4,1.3708433,0.0,0.00068523915,0.0,1.3699985,2.8745,0,9,8191,0
264,26.5,1.3608434,0.0,0.00068023725,0.0,1.3599987,2.8745,0,9,8191,0
265,26.6,1.3508188,0.0,0.0006752322,0.0,1.3499991,2.8745,0,9,8191,0
266,26.7,1.3408206,0.0,0.00067022495,0.0,1.3399994,2.8745,0,9,8191,0
267,26.800001,1.3307874,0.0,0.00066522363,0.0,1.3299997,2.8745,0,9,8191,0
268,26.9,1.3207947,0.0,0.00066022645,0.0,1.32,2.8745,0,9,8191,0
269,27.0,1.3108003,0.0,0.00065522484,0.0,1.3100004,2.8745,0,9,8191,0
270,27.1,1.3007996,0.0,0.00065023033,0.0,1.3000007,2.8745,0,9,8191,0
271,27.2,1.2907953,0.0,0.00064522633,0.0,1.2900009,2.8745,0,9,8191,0
272,27.300001,1.2807924,0.0,0.00064022036,0.0,1.2800013,2.8745,0,9,8191,0
273,27.4,1.270776,0.0,0.0006352137,0.0,1.2700016,2.8745,0,9,8191,0
274,27.5,1.260781,0.0,0.0006302154,0.0,1.2600019,2.8745,0,9,8191,0
275,27.6,1.2507693,0.0,0.0006252162,0.0,1.2500021,2.8745,0,9,8191,0
276,27.7,1.2407401,0.0,0.00062020734,0.0,1.2400025,2.8745,0,9,8191,0
277,27.800001,1.2307553,0.0,0.000615218,0.0,1.2300029,2.8745,0,9,8191,0
278,27.9,1.2207346,0.0,0.000610196,0.0,1.2200031,2.8745,0,9,8191,0
279,28.0,1.2107382,0.0,0.00060520245,0.0,1.2100034,2.8745,0,9,8191,0
280,28.1,1.2007202,0.0,0.00060020376,0.0,1.2000037,2.8745,0,9,8191,0
281,28.2,1.1907089,0.0,0.00059519685,0.0,1.1900041,2.8745,0,9,8191,0
282,28.300001,1.180731,0.0,0.00059019215,0.0,1.1800044,2.8745,0,9,8191,0
283,28.4,1.1707314,0.0,0.00058519153,0.0,1.1700047,2.8745,0,9,8191,0
284,28.5,1.1607106,0.0,0.00058018515,0.0,1.1600051,2.8745,0,9,8191,0
285,28.6,1.1507032,0.0,0.00057518063,0.0,1.1500053,2.8745,0,9,8191,0
286,28.7,1.1407117,0.0,0.0005701853,0.0,1.1400056,2.8745,0,9,8191,0
287,28.800001,1.1307093,0.0,0.0005651863,0.0,1.130006,2.8745,0,9,8191,0
288,28.9,1.1206942,0.0,0.0005601792,0.0,1.1200063,2.8745,0,9,8191,0
289,29.0,1.1107004,0.0,0.0005551923,0.0,1.1100066,2.8745,0,9,8191,0
290,29.1,1.1006932,0.0,0.0005501796,0.0,1.1000068,2.8745,0,9,8191,0
291,29.2,1.0907125,0.0,0.00054518494,0.0,1.0900072,2.8745,0,9,8191,0
292,29.300001,1.0806894,0.0,0.00054018036,0.0,1.0800076,2.8745,0,9,8191,0
293,29.4,1.0706657,0.0,0.0005351793,0.0,1.0700078,2.8745,0,9,8191,0
294,29.5,1.0606745,0.0,0.00053018477,0.0,1.0600082,2.8745,0,9,8191,0
295,29.6,1.0506994,0.0,0.00052517565,0.0,1.0500085,2.8745,0,9,8191,0
296,29.7,1.0406709,0.0,0.0005201668,0.0,1.0400088,2.8745,0,9,8191,0
297,29.800001,1.0306559,0.0,0.0005151727,0.0,1.030009,2.8745,0,9,8191,0
298,29.9,1.0206321,0.0,0.00051016547,0.0,1.0200094,2.8745,0,9,8191,0
299,30.0,1.010609,0.0,0.0005051635,0.0,1.0100098,2.8745,0,9,8191,0
300,30.1,1.000634,0.0,0.00050016673,0.0,1.00001,2.8745,0,9,8191,0
301,30.2,0.99063414,0.0,0.0004951532,0.0,0.9900103,2.8745,0,9,8191,0
302,30.300001,0.98063076,0.0,0.0004901509,0.0,0.9800106,2.8745,0,9,8191,0
303,30.4,0.9706248,0.0,0.00048515308,0.0,0.970011,2.8745,0,9,8191,0
304,30.5,0.960635,0.0,0.0004801551,0.0,0.96001124,2.8745,0,9,8191,0
305,30.6,0.95060223,0.0,0.00047514733,0.0,0.9500116,2.8745,0,9,8191,0
306,30.7,0.9405805,0.0,0.0004701429,0.0,0.94001186,2.8745,0,9,8191,0
307,30.800001,0.93058854,0.0,0.00046514772,0.0,0.9300122,2.8745,0,9,8191,0
308,30.9,0.9205833,0.0,0.00046014864,0.0,0.92001253,2.8745,0,9,8191,0
309,31.0,0.91059154,0.0,0.00045514002,0.0,0.91001284,2.8745,0,9,8191,0
310,31.1,0.9006254,0.0,0.0004501617,0.0,0.90001315,2.8745,0,9,8191,0
311,31.2,0.89059985,0.0,0.0004451573,0.0,0.89001346,2.8745,0,9,8191,0
312,31.300001,0.880599,0.0,0.00044015772,0.0,0.88001376,2.8745,0,9,8191,0
313,31.4,0.87059915,0.0,0.00043515215,0.0,0.8700141,2.8745,0,9,8191,0
314,31.5,0.86057806,0.0,0.00043014874,0.0,0.8600144,2.8745,0,9,8191,0
315,31.6,0.8505747,0.0,0.00042515044,0.0,0.8500147,2.8745,0,9,8191,0
316,31.7,0.84056246,0.0,0.00042015218,0.0,0.84001505,2.8744,0,9,8191,0
317,31.800001,0.8305597,0.0,0.00041515447,0.0,0.8300153,2.8744,0,9,8191,0
318,31.9,0.82058215,0.0,0.00041014317,0.0,0.82001567,2.8744,0,9,8191,0
319,32.0,0.81056696,0.0,0.0004051428,0.0,0.8100159,2.8744,0,9,8191,0
320,32.100002,0.80055845,0.0,0.00040014545,0.0,0.8000163,2.8744,0,9,8191,0
321,32.2,0.7905479,0.0,0.00039514757,0.0,0.7900166,2.8744,0,9,8191,0
322,32.3,0.7805352,0.0,0.00039014118,0.0,0.7800169,2.8744,0,9,8191,0
323,32.4,0.77056396,0.0,0.00038515482,0.0,0.7700172,2.8744,0,9,8191,0
324,32.5,0.7605296,0.0,0.00038014966,0.0,0.7600175,2.8744,0,9,8191,0
325,32.600002,0.7505345,0.0,0.00037513973,0.0,0.7500178,2.8744,0,9,8191,0
326,32.7,0.7405157,0.0,0.0003701414,0.0,0.7400181,2.8745,0,9,8191,0
327,32.8,0.7305366,0.0,0.00036514425,0.0,0.73001844,2.8745,0,9,8191,0
328,32.9,0.72052854,0.0,0.00036014602,0.0,0.72001874,2.8745,0,9,8191,0
329,33.0,0.71050006,0.0,0.00035514237,0.0,0.7100191,2.8745,0,9,8191,0
330,33.100002,0.70051706,0.0,0.00035014618,0.0,0.70001936,2.8745,0,9,8191,0
331,33.2,0.69051397,0.0,0.0003451475,0.0,0.6900197,2.8745,0,9,8191,0
332,33.3,0.68052375,0.0,0.00034014427,0.0,0.68002003,2.8745,0,9,8191,0
333,33.4,0.670503,0.0,0.00033514312,0.0,0.67002034,2.8745,0,9,8191,0
334,33.5,0.66049427,0.0,0.00033015062,0.0,0.66002065,2.8745,0,9,8191,0
335,33.600002,0.6504896,0.0,0.00032515032,0.0,0.65002096,2.8745,0,9,8191,0
336,33.7,0.64049476,0.0,0.00032014708,0.0,0.64002126,2.8744,0,9,8191,0
337,33.8,0.63047034,0.0,0.00031515493,0.0,0.6300216,2.8744,0,9,8191,0
338,33.9,0.62047267,0.0,0.00031015393,0.0,0.6200219,2.8744,0,9,8191,0
339,34.0,0.61046094,0.0,0.00030514746,0.0,0.6100222,2.8744,0,9,8191,0
340,34.100002,0.60044813,0.0,0.00030015505,0.0,0.6000225,2.8744,0,9,8191,0
341,34.2,0.5904522,0.0,0.00029515184,0.0,0.5900228,2.8744,0,9,8191,0
342,34.3,0.5804364,0.0,0.0002901432,0.0,0.58002317,2.8744,0,9,8191,0
343,34.4,0.5704393,0.0,0.0002851536,0.0,0.5700235,2.8744,0,9,8191,0
344,34.5,0.5604062,0.0,0.0002801502,0.0,0.5600238,2.8744,0,9,8191,0
345,34.600002,0.55037916,0.0,0.00027514456,0.0,0.5500241,2.8744,0,9,8191,0
346,34.7,0.5404085,0.0,0.00027015418,0.0,0.5400244,2.8744,0,9,8191,0
347,34.8,0.5304039,0.0,0.00026515705,0.0,0.5300247,2.8744,0,9,8191,0
348,34.9,0.52041465,0.0,0.00026015166,0.0,0.520025,2.8744,0,9,8191,0
349,35.0,0.51033485,0.0,0.00025512624,0.0,0.5099753,2.8744,0,9,8191,0
350,35.100002,0.5003481,0.0,0.00025012376,0.0,0.49997565,2.8744,0,9,8191,0
351,35.2,0.49034244,0.0,0.00024513504,0.0,0.48997596,2.8744,0,9,8191,0
352,35.3,0.48034716,0.0,0.0002401295,0.0,0.47997627,2.8744,0,9,8191,0
353,35.4,0.47032413,0.0,0.00023513136,0.0,0.46997657,2.8744,0,9,8191,0
354,35.5,0.46031818,0.0,0.00023012147,0.0,0.45997688,2.8744,0,9,8191,0
355,35.600002,0.4503217,0.0,0.00022512129,0.0,0.44997722,2.8744,0,9,8191,0
356,35.7,0.44032124,0.0,0.00022012727,0.0,0.43997753,2.8744,0,9,8191,0
357,35.8,0.43030065,0.0,0.00021512288,0.0,0.42997783,2.8744,0,9,8191,0
358,35.9,0.42028883,0.0,0.00021011978,0.0,0.41997814,2.8744,0,9,8191,0
359,36.0,0.4103159,0.0,0.00020512035,0.0,0.40997845,2.8744,0,9,8191,0
360,36.100002,0.40030476,0.0,0.00020011749,0.0,0.39997876,2.8744,0,9,8191,0
361,36.2,0.3902866,0.0,0.00019511618,0.0,0.38997906,2.8744,0,9,8191,0
362,36.3,0.38027406,0.0,0.0001901189,0.0,0.37997937,2.8744,0,9,8191,0
363,36.4,0.370271,0.0,0.00018511475,0.0,0.3699797,2.8744,0,9,8191,0
364,36.5,0.36028877,0.0,0.00018011688,0.0,0.35998002,2.8744,0,9,8191,0
365,36.600002,0.35025638,0.0,0.0001751123,0.0,0.34998032,2.8744,0,9,8191,0
366,36.7,0.34025484,0.0,0.00017010585,0.0,0.33998066,2.8744,0,9,8191,0
367,36.8,0.33023486,0.0,0.00016510859,0.0,0.32998097,2.8744,0,9,8191,0
368,36.9,0.32024965,0.0,0.0001601087,0.0,0.31998128,2.8744,0,9,8191,0
369,37.0,0.3102305,0.0,0.0001551149,0.0,0.30998158,2.8744,0,9,8191,0
370,37.100002,0.30023587,0.0,0.0001501172,0.0,0.2999819,2.8744,0,9,8191,0
371,37.2,0.29023582,0.0,0.00014511815,0.0,0.2899822,2.8744,0,9,8191,0
372,37.3,0.28022164,0.0,0.00014012014,0.0,0.2799825,2.8744,0,9,8191,0
373,37.4,0.27023762,0.0,0.00013511481,0.0,0.2699828,2.8744,0,9,8191,0
374,37.5,0.26024416,0.0,0.00013011432,0.0,0.25998312,2.8744,0,9,8191,0
375,37.600002,0.2502294,0.0,0.00012512323,0.0,0.24998346,2.8744,0,9,8191,0
376,37.7,0.24021846,0.0,0.00012011748,0.0,0.23998377,2.8744,0,9,8191,0
377,37.8,0.23014782,0.0,0.00011510638,0.0,0.22998407,2.8744,0,9,8191,0
378,37.9,0.22013542,0.0,0.00011010665,0.0,0.21998438,2.8744,0,9,8191,0
379,38.0,0.2101397,0.0,0.00010511266,0.0,0.20998469,2.8744,0,9,8191,0
380,38.100002,0.20013598,0.0,0.00010010953,0.0,0.19998503,2.8744,0,9,8191,0
381,38.2,0.19012842,0.0,9.51108e-05,0.0,0.18998533,2.8744,0,9,8191,0
382,38.3,0.18012449,0.0,9.011093e-05,0.0,0.17998564,2.8744,0,9,8191,0
383,38.4,0.17011511,0.0,8.5100735e-05,0.0,0.16998595,2.8744,0,9,8191,0
384,38.5,0.16011731,0.0,8.011017e-05,0.0,0.15998626,2.8744,0,9,8191,0
385,38.600002,0.15010935,0.0,7.50551e-05,0.0,0.14998657,2.8744,0,8,8191,0
386,38.7,0.14010364,0.0,7.005281e-05,0.0,0.13998687,2.8744,0,8,8191,0
387,38.8,0.1301019,0.0,6.5054e-05,0.0,0.12998721,2.8744,0,8,8191,0
388,38.9,0.1201001,0.0,6.0053248e-05,0.0,0.11998752,2.8744,0,8,8191,0
389,39.0,0.11009847,0.0,5.5052977e-05,0.0,0.109987825,2.8744,0,8,8191,0
390,39.100002,0.100094214,0.0,5.0052473e-05,0.0,0.09998813,2.8744,0,8,8191,0
391,39.2,0.09011001,0.0,4.5062166e-05,0.0,0.08998844,2.8744,0,8,8191,0
392,39.3,0.0801156,0.0,4.0063012e-05,0.0,0.07998875,2.8744,0,8,8191,0
393,39.4,0.07011137,0.0,3.5063757e-05,0.0,0.069989085,2.8744,0,8,8191,0
394,39.5,0.060105156,0.0,3.0062094e-05,0.0,0.059989393,2.8744,0,8,8191,0
395,39.600002,0.050104246,0.0,2.5063515e-05,0.0,0.0499897,2.8744,0,8,8191,0
396,39.7,0.04008886,0.0,2.0057985e-05,0.0,0.039990008,2.8746,0,8,8191,0
397,39.8,0.030087868,0.0,1.5060284e-05,0.0,0.029990315,2.8746,0,8,8191,0
398,39.9,0.02008101,0.0,1.00597335e-05,0.0,0.019990623,2.8746,0,8,8191,0
399,40.0,0.01007471,0.0,5.0579297e-06,0.0,0.00999096,2.8746,0,8,8191,0
400,40.100002,7.0092196e-05,0.0,6.0309745e-08,0.0,-8.761883e-06,2.8746,0,7,8191,0
401,40.2,-0.009907301,0.0,-1.0942784e-06,0.0,-0.010008454,2.8746,0,6,7164,0
402,40.3,-0.019943012,0.0,-9.940222e-06,0.0,-0.020008087,2.8746,0,7,8191,0
403,40.4,-0.029960616,0.0,-1.4945999e-05,0.0,-0.03000778,2.8746,0,8,8191,0
404,40.5,-0.03995701,0.0,-1.99472e-05,0.0,-0.040007472,2.8746,0,8,8191,0
405,40.600002,-0.049953494,0.0,-2.4945733e-05,0.0,-0.050007164,2.8746,0,8,8191,0
406,40.7,-0.059971604,0.0,-2.995023e-05,0.0,-0.060006857,2.8745,0,8,8191,0
407,40.8,-0.06996987,0.0,-3.4947385e-05,0.0,-0.07000655,2.8745,0,8,8191,0
408,40.9,-0.07997361,0.0,-3.994779e-05,0.0,-0.08000624,2.8745,0,8,8191,0
409,41.0,-0.089976974,0.0,-4.4949546e-05,0.0,-0.090005934,2.8745,0,8,8191,0
410,41.100002,-0.099974096,0.0,-4.9948176e-05,0.0,-0.10000563,2.8745,0,8,8191,0
411,41.2,-0.109976634,0.0,-5.4948305e-05,0.0,-0.11000532,2.8745,0,8,8191,0
412,41.3,-0.119963795,0.0,-5.9939553e-05,0.0,-0.12000501,2.8745,0,8,8191,0
413,41.4,-0.1299639,0.0,-6.493988e-05,0.0,-0.1300047,2.8745,0,8,8191,0
414,41.5,-0.13997196,0.0,-6.99424e-05,0.0,-0.14000434,2.8745,0,8,8191,0
415,41.600002,-0.1499695,0.0,-7.494173e-05,0.0,-0.15000403,2.8745,0,8,8191,0
416,41.7,-0.15997423,0.0,-7.994254e-05,0.0,-0.16000372,2.8745,0,8,8191,0
417,41.8,-0.16997726,0.0,-8.494448e-05,0.0,-0.17000341,2.8745,0,8,8191,0
418,41.9,-0.17997998,0.0,-8.994512e-05,0.0,-0.1800031,2.8745,0,8,8191,0
419,42.0,-0.18999779,0.0,-9.491474e-05,0.0,-0.1900028,2.8745,0,9,8191,0
420,42.100002,-0.19999865,0.0,-9.9901474e-05,0.0,-0.20000249,2.8745,0,9,8191,0
421,42.2,-0.21000035,0.0,-0.00010489818,0.0,-0.21000218,2.8745,0,9,8191,0
422,42.3,-0.22000825,0.0,-0.00010990065,0.0,-0.22000188,2.8745,0,9,8191,0
423,42.4,-0.23001163,0.0,-0.0001148976,0.0,-0.23000157,2.8745,0,9,8191,0
424,42.5,-0.24002382,0.0,-0.00011990807,0.0,-0.24000126,2.8745,0,9,8191,0
425,42.600002,-0.2500234,0.0,-0.00012490174,0.0,-0.25000095,2.8745,0,9,8191,0
426,42.7,-0.2600246,0.0,-0.00012989125,0.0,-0.26000065,2.8745,0,9,8191,0
427,42.8,-0.27003404,0.0,-0.00013489666,0.0,-0.27000028,2.8745,0,9,8191,0
428,42.9,-0.28003547,0.0,-0.00013989871,0.0,-0.27999997,2.8745,0,9,8191,0
429,43.0,-0.29004613,0.0,-0.00014490077,0.0,-0.28999966,2.8745,0,9,8191,0
430,43.100002,-0.30005026,0.0,-0.00014990394,0.0,-0.29999936,2.8745,0,9,8191,0
431,43.2,-0.31006697,0.0,-0.00015490678,0.0,-0.30999905,2.8745,0,9,8191,0
432,43.3,-0.32003748,0.0,-0.00015990002,0.0,-0.31999874,2.8745,0,9,8191,0
433,43.4,-0.33004856,0.0,-0.00016489936,0.0,-0.32999843,2.8745,0,9,8191,0
434,43.5,-0.34007755,0.0,-0.00016989459,0.0,-0.33999813,2.8745,0,9,8191,0
435,43.600002,-0.3500785,0.0,-0.00017489557,0.0,-0.34999782,2.8745,0,9,8191,0
436,43.7,-0.36009383,0.0,-0.00017990301,0.0,-0.3599975,2.8745,0,9,8191,0
437,43.8,-0.37008595,0.0,-0.000184906,0.0,-0.3699972,2.8745,0,9,8191,0
438,43.9,-0.38008642,0.0,-0.00018990079,0.0,-0.3799969,2.8745,0,9,8191,0
439,44.0,-0.39007413,0.0,-0.00019489868,0.0,-0.38999653,2.8745,0,9,8191,0
440,44.100002,-0.40009743,0.0,-0.00019990507,0.0,-0.39999622,2.8745,0,9,8191,0
441,44.2,-0.41010544,0.0,-0.0002049165,0.0,-0.4099959,2.8745,0,9,8191,0
442,44.3,-0.42011842,0.0,-0.00020991704,0.0,-0.4199956,2.8745,0,9,8191,0
443,44.4,-0.43010694,0.0,-0.00021490747,0.0,-0.4299953,2.8745,0,9,8191,0
444,44.5,-0.44011256,0.0,-0.00021990221,0.0,-0.439995,2.8745,0,9,8191,0
445,44.600002,-0.45014194,0.0,-0.00022490155,0.0,-0.44999468,2.8745,0,9,8191,0
446,44.7,-0.46011937,0.0,-0.00022990334,0.0,-0.45999438,2.8744,0,9,8191,0
447,44.8,-0.47013506,0.0,-0.00023490895,0.0,-0.46999407,2.8744,0,9,8191,0
448,44.9,-0.48013517,0.0,-0.0002399118,0.0,-0.47999376,2.8744,0,9,8191,0
449,45.0,-0.49013534,0.0,-0.00024491036,0.0,-0.48999345,2.8744,0,9,8191,0
450,45.100002,-0.5001437,0.0,-0.00024991378,0.0,-0.49999315,2.8744,0,9,8191,0
451,45.2,-0.51012474,0.0,-0.0002549087,0.0,-0.5099928,2.8744,0,9,8191,0
452,45.3,-0.5201622,0.0,-0.00025990908,0.0,-0.51999253,2.8744,0,9,8191,0
453,45.4,-0.53013015,0.0,-0.00026490176,0.0,-0.52999216,2.8744,0,9,8191,0
454,45.5,-0.540159,0.0,-0.00026990255,0.0,-0.5399919,2.8744,0,9,8191,0
455,45.600002,-0.5501435,0.0,-0.00027490416,0.0,-0.54999155,2.8744,0,9,8191,0
456,45.7,-0.56012756,0.0,-0.00027989462,0.0,-0.5599913,2.8744,0,9,8191,0
457,45.8,-0.57015765,0.0,-0.00028489472,0.0,-0.56999093,2.8744,0,9,8191,0
458,45.9,-0.5801737,0.0,-0.00028989784,0.0,-0.57999057,2.8744,0,9,8191,0
459,46.0,-0.59017265,0.0,-0.00029489945,0.0,-0.5899903,2.8744,0,9,8191,0
460,46.100002,-0.60018307,0.0,-0.00029989931,0.0,-0.59998995,2.8744,0,9,8191,0
461,46.2,-0.61017305,0.0,-0.0003048958,0.0,-0.6099897,2.8744,0,9,8191,0
462,46.3,-0.6202075,0.0,-0.00030989732,0.0,-0.61998934,2.8744,0,9,8191,0
463,46.4,-0.63021344,0.0,-0.00031489672,0.0,-0.6299891,2.8744,0,9,8191,0
464,46.5,-0.64021254,0.0,-0.00031989493,0.0,-0.6399887,2.8744,0,9,8191,0
465,46.600002,-0.6502112,0.0,-0.00032490838,0.0,-0.6499885,2.8744,0,9,8191,0
466,46.7,-0.6602132,0.0,-0.00032990656,0.0,-0.6599881,2.8744,0,9,8191,0
467,46.8,-0.6702299,0.0,-0.00033490037,0.0,-0.66998786,2.8744,0,9,8191,0
468,46.9,-0.68023384,0.0,-0.00033989918,0.0,-0.6799875,2.8744,0,9,8191,0
469,47.0,-0.6902275,0.0,-0.00034490516,0.0,-0.68998724,2.8744,0,9,8191,0
470,47.100002,-0.700237,0.0,-0.00034991038,0.0,-0.6999869,2.8744,0,9,8191,0
471,47.2,-0.7102224,0.0,-0.00035490846,0.0,-0.7099865,2.8744,0,9,8191,0
472,47.3,-0.7202551,0.0,-0.0003599109,0.0,-0.71998626,2.8744,0,9,8191,0
473,47.4,-0.7302298,0.0,-0.00036489955,0.0,-0.7299859,2.8744,0,9,8191,0
474,47.5,-0.740227,0.0,-0.0003698982,0.0,-0.73998564,2.8744,0,9,8191,0
475,47.600002,-0.7502446,0.0,-0.0003748984,0.0,-0.7499853,2.8744,0,9,8191,0
476,47.7,-0.76023763,0.0,-0.00037989847,0.0,-0.759985,2.8744,0,9,8191,0
477,47.8,-0.7702705,0.0,-0.00038491274,0.0,-0.76998466,2.8744,0,9,8191,0
478,47.9,-0.78025323,0.0,-0.00038991572,0.0,-0.7799844,2.8744,0,9,8191,0
479,48.0,-0.7902453,0.0,-0.00039491517,0.0,-0.78998405,2.8744,0,9,8191,0
480,48.100002,-0.80024886,0.0,-0.0003999106,0.0,-0.7999838,2.8744,0,9,8191,0
481,48.2,-0.8102626,0.0,-0.00040490704,0.0,-0.80998343,2.8744,0,9,8191,0
482,48.3,-0.82026446,0.0,-0.00040991977,0.0,-0.81998307,2.8744,0,9,8191,0
483,48.4,-0.83027714,0.0,-0.0004149227,0.0,-0.8299828,2.8744,0,9,8191,0
484,48.5,-0.8402719,0.0,-0.0004199156,0.0,-0.83998245,2.8744,0,9,8191,0
485,48.600002,-0.8502691,0.0,-0.00042492012,0.0,-0.8499822,2.8744,0,9,8191,0
486,48.7,-0.86030096,0.0,-0.0004299229,0.0,-0.85998183,2.8744,0,9,8191,0
487,48.8,-0.87029004,0.0,-0.00043491763,0.0,-0.8699816,2.8744,0,9,8191,0
488,48.9,-0.8802989,0.0,-0.00043993184,0.0,-0.8799812,2.8744,0,9,8191,0
489,49.0,-0.89028686,0.0,-0.00044492295,0.0,-0.889981,2.8744,0,9,8191,0
490,49.100002,-0.90030634,0.0,-0.00044992912,0.0,-0.8999806,2.8744,0,9,8191,0
491,49.2,-0.91031325,0.0,-0.00045493228,0.0,-0.90998036,2.8744,0,9,8191,0
492,49.3,-0.9203022,0.0,-0.00045993133,0.0,-0.91998,2.8744,0,9,8191,0
493,49.4,-0.9303099,0.0,-0.00046493363,0.0,-0.92997974,2.8744,0,9,8191,0
494,49.5,-0.9403199,0.0,-0.00046993888,0.0,-0.9399794,2.8744,0,9,8191,0
495,49.600002,-0.9503292,0.0,-0.00047493388,0.0,-0.949979,2.8744,0,9,8191,0
496,49.7,-0.96031123,0.0,-0.0004799375,0.0,-0.95997876,2.8744,0,9,8191,0
497,49.8,-0.9703217,0.0,-0.00048493355,0.0,-0.9699784,2.8744,0,9,8191,0
498,49.9,-0.9803284,0.0,-0.00048993836,0.0,-0.97997814,2.8744,0,9,8191,0
499,50.0,-0.99033445,0.0,-0.00049493014,0.0,-0.9899778,2.8744,0,9,8191,0
500,50.100002,-1.0003436,0.0,-0.0004999438,0.0,-0.9999775,2.8744,0,9,8191,0
501,50.2,-0.99033225,0.0,-0.0004949368,0.0,-0.9899778,2.8744,1,9,8191,0
502,50.3,-0.9803233,0.0,-0.00048993534,0.0,-0.97997814,2.8744,1,9,8191,0
503,50.4,-0.97032726,0.0,-0.000484932,0.0,-0.9699784,2.8744,1,9,8191,0
504,50.5,-0.9603242,0.0,-0.00047993814,0.0,-0.95997876,2.8744,1,9,8191,0
505,50.600002,-0.9503314,0.0,-0.00047493482,0.0,-0.949979,2.8744,1,9,8191,0
506,50.7,-0.9403222,0.0,-0.00046995096,0.0,-0.9399794,2.8744,1,9,8191,0
507,50.8,-0.93030804,0.0,-0.00046494225,0.0,-0.92997974,2.8744,1,9,8191,0
508,50.9,-0.92029446,0.0,-0.0004599393,0.0,-0.91998,2.8744,1,9,8191,0
509,51.0,-0.91030574,0.0,-0.0004549395,0.0,-0.90998036,2.8744,1,9,8191,0
510,51.100002,-0.9003256,0.0,-0.00044993826,0.0,-0.8999806,2.8744,1,9,8191,0
511,51.2,-0.8903175,0.0,-0.00044493712,0.0,-0.889981,2.8744,1,9,8191,0
512,51.3,-0.88029635,0.0,-0.00043993985,0.0,-0.8799812,2.8744,1,9,8191,0
513,51.4,-0.8702999,0.0,-0.00043492578,0.0,-0.8699816,2.8744,1,9,8191,0
514,51.5,-0.8603029,0.0,-0.00042992752,0.0,-0.85998183,2.8744,1,9,8191,0
515,51.600002,-0.850272,0.0,-0.00042492847,0.0,-0.8499822,2.8744,1,9,8191,0
516,51.7,-0.8402754,0.0,-0.00041993012,0.0,-0.83998245,2.8743,1,9,8191,0
517,51.8,-0.8302651,0.0,-0.00041493023,0.0,-0.8299828,2.8743,1,9,8191,0
518,51.9,-0.82026905,0.0,-0.00040992603,0.0,-0.81998307,2.8743,1,9,8191,0
519,52.0,-0.8102781,0.0,-0.0004049179,0.0,-0.80998343,2.8743,1,9,8191,0
520,52.100002,-0.80028135,0.0,-0.00039991798,0.0,-0.7999838,2.8743,1,9,8191,0
521,52.2,-0.79026586,0.0,-0.00039491878,0.0,-0.78998405,2.8743,1,9,8191,0
522,52.3,-0.78026503,0.0,-0.00038992197,0.0,-0.7799844,2.8743,1,9,8191,0
523,52.4,-0.77026445,0.0,-0.0003849142,0.0,-0.76998466,2.8743,1,9,8191,0
524,52.5,-0.7602475,0.0,-0.00037991424,0.0,-0.759985,2.8743,1,9,8191,0
525,52.600002,-0.7502446,0.0,-0.0003749086,0.0,-0.7499853,2.8743,1,9,8191,0
526,52.7,-0.74022895,0.0,-0.00036991443,0.0,-0.73998564,2.8743,1,9,8191,0
527,52.8,-0.7302281,0.0,-0.0003649111,0.0,-0.7299859,2.8743,1,9,8191,0
528,52.9,-0.7202567,0.0,-0.00035992166,0.0,-0.71998626,2.8743,1,9,8191,0
529,53.0,-0.7102361,0.0,-0.00035492095,0.0,-0.7099865,2.8743,1,9,8191,0
530,53.100002,-0.7002472,0.0,-0.00034992388,0.0,-0.6999869,2.8743,1,9,8191,0
531,53.2,-0.6902184,0.0,-0.00034491697,0.0,-0.68998724,2.8743,1,9,8191,0
532,53.3,-0.68024576,0.0,-0.00033991528,0.0,-0.6799875,2.8743,1,9,8191,0
533,53.4,-0.6702289,0.0,-0.00033491495,0.0,-0.66998786,2.8743,1,9,8191,0
534,53.5,-0.6602156,0.0,-0.0003299223,0.0,-0.6599881,2.8743,1,9,8191,0
535,53.600002,-0.6501992,0.0,-0.00032491414,0.0,-0.6499885,2.8743,1,9,8191,0
536,53.7,-0.6402064,0.0,-0.0003199015,0.0,-0.6399887,2.8744,1,9,8191,0
537,53.8,-0.6302165,0.0,-0.0003149061,0.0,-0.6299891,2.8744,1,9,8191,0
538,53.9,-0.620197,0.0,-0.00030990265,0.0,-0.61998934,2.8744,1,9,8191,0
539,54.0,-0.61017346,0.0,-0.00030490293,0.0,-0.6099897,2.8744,1,9,8191,0
540,54.100002,-0.6001728,0.0,-0.00029990895,0.0,-0.59998995,2.8744,1,9,8191,0
541,54.2,-0.5901773,0.0,-0.00029490906,0.0,-0.5899903,2.8744,1,9,8191,0
542,54.3,-0.5801628,0.0,-0.00028990422,0.0,-0.57999057,2.8744,1,9,8191,0
543,54.4,-0.57014996,0.0,-0.00028489635,0.0,-0.56999093,2.8744,1,9,8191,0
544,54.5,-0.5601395,0.0,-0.0002798997,0.0,-0.5599913,2.8744,1,9,8191,0
545,54.600002,-0.55013645,0.0,-0.00027490556,0.0,-0.54999155,2.8744,1,9,8191,0
546,54.7,-0.54016286,0.0,-0.00026990686,0.0,-0.5399919,2.8744,1,9,8191,0
547,54.8,-0.5301383,0.0,-0.00026490653,0.0,-0.52999216,2.8744,1,9,8191,0
548,54.9,-0.5201641,0.0,-0.00025991202,0.0,-0.51999253,2.8744,1,9,8191,0
549,55.0,-0.5101285,0.0,-0.00025490983,0.0,-0.5099928,2.8744,1,9,8191,0
550,55.100002,-0.500153,0.0,-0.00024991905,0.0,-0.49999315,2.8744,1,9,8191,0
551,55.2,-0.4901427,0.0,-0.00024491776,0.0,-0.48999345,2.8744,1,9,8191,0
552,55.3,-0.48013803,0.0,-0.0002399203,0.0,-0.47999376,2.8744,1,9,8191,0
553,55.4,-0.47013292,0.0,-0.00023492187,0.0,-0.46999407,2.8744,1,9,8191,0
554,55.5,-0.4601278,0.0,-0.00022990671,0.0,-0.45999438,2.8744,1,9,8191,0
555,55.600002,-0.45013902,0.0,-0.00022491091,0.0,-0.44999468,2.8744,1,9,8191,0
556,55.7,-0.44012702,0.0,-0.000219902,0.0,-0.439995,2.8744,1,9,8191,0
557,55.8,-0.43011925,0.0,-0.00021490193,0.0,-0.4299953,2.8744,1,9,8191,0
558,55.9,-0.42010957,0.0,-0.00020990442,0.0,-0.4199956,2.8744,1,9,8191,0
559,56.0,-0.41008523,0.0,-0.00020490737,0.0,-0.4099959,2.8744,1,9,8191,0
560,56.100002,-0.40008286,0.0,-0.00019989685,0.0,-0.39999622,2.8744,1,9,8191,0
561,56.2,-0.39006913,0.0,-0.00019489731,0.0,-0.38999653,2.8744,1,9,8191,0
562,56.3,-0.3800804,0.0,-0.00018990375,0.0,-0.3799969,2.8744,1,9,8191,0
563,56.4,-0.3700837,0.0,-0.00018490404,0.0,-0.3699972,2.8744,1,9,8191,0
564,56.5,-0.36009035,0.0,-0.0001798967,0.0,-0.3599975,2.8744,1,9,8191,0
565,56.600002,-0.35007283,0.0,-0.00017488883,0.0,-0.34999782,2.8744,1,9,8191,0
566,56.7,-0.3400673,0.0,-0.00016988603,0.0,-0.33999813,2.8744,1,9,8191,0
567,56.8,-0.33005747,0.0,-0.0001648901,0.0,-0.32999843,2.8744,1,9,8191,0
568,56.9,-0.32005218,0.0,-0.00015988962,0.0,-0.31999874,2.8744,1,9,8191,0
569,57.0,-0.31007782,0.0,-0.00015490531,0.0,-0.30999905,2.8744,1,9,8191,0
570,57.100002,-0.30005983,0.0,-0.00014989513,0.0,-0.29999936,2.8744,1,9,8191,0
571,57.2,-0.2900473,0.0,-0.00014489293,0.0,-0.28999966,2.8744,1,9,8191,0
572,57.3,-0.28004295,0.0,-0.00013990115,0.0,-0.27999997,2.8744,1,9,8191,0
573,57.4,-0.27005544,0.0,-0.0001348958,0.0,-0.27000028,2.8744,1,9,8191,0
574,57.5,-0.26005554,0.0,-0.00012989895,0.0,-0.26000065,2.8744,1,9,8191,0
575,57.600002,-0.25002763,0.0,-0.00012490954,0.0,-0.25000095,2.8744,1,9,8191,0
576,57.7,-0.24002248,0.0,-0.000119913326,0.0,-0.24000126,2.8744,1,9,8191,0
577,57.8,-0.23001145,0.0,-0.00011489379,0.0,-0.23000157,2.8744,1,9,8191,0
578,57.9,-0.22000872,0.0,-0.00010989706,0.0,-0.22000188,2.8744,1,9,8191,0
579,58.0,-0.21000218,0.0,-0.00010490091,0.0,-0.21000218,2.8744,1,9,8191,0
580,58.100002,-0.20000178,0.0,-9.989685e-05,0.0,-0.20000249,2.8744,1,9,8191,0
581,58.2,-0.19000006,0.0,-9.490247e-05,0.0,-0.1900028,2.8744,1,9,8191,0
582,58.3,-0.17998485,0.0,-8.989385e-05,0.0,-0.1800031,2.8744,1,9,8191,0
583,58.4,-0.16998297,0.0,-8.489228e-05,0.0,-0.17000341,2.8744,1,9,8191,0
584,58.5,-0.1599807,0.0,-7.9890124e-05,0.0,-0.16000372,2.8744,1,9,8191,0
585,58.600002,-0.14997107,0.0,-7.494582e-05,0.0,-0.15000403,2.8744,1,8,8191,0
586,58.7,-0.13997544,0.0,-6.9946895e-05,0.0,-0.14000434,2.8744,1,8,8191,0
587,58.8,-0.12996523,0.0,-6.4943226e-05,0.0,-0.1300047,2.8744,1,8,8191,0
588,58.9,-0.11996673,0.0,-5.9944425e-05,0.0,-0.12000501,2.8744,1,8,8191,0
589,59.0,-0.10998206,0.0,-5.4953536e-05,0.0,-0.11000532,2.8744,1,8,8191,0
590,59.100002,-0.09997921,0.0,-4.99527e-05,0.0,-0.10000563,2.8744,1,8,8191,0
591,59.2,-0.089977995,0.0,-4.495451e-05,0.0,-0.090005934,2.8744,1,8,8191,0
592,59.3,-0.07997527,0.0,-3.9951905e-05,0.0,-0.08000624,2.8744,1,8,8191,0
593,59.4,-0.06997053,0.0,-3.4952263e-05,0.0,-0.07000655,2.8744,1,8,8191,0
594,59.5,-0.05997355,0.0,-2.9956405e-05,0.0,-0.060006857,2.8744,1,8,8191,0
595,59.600002,-0.049957495,0.0,-2.4951838e-05,0.0,-0.050007164,2.8744,1,8,8191,0
596,59.7,-0.039958555,0.0,-1.9952224e-05,0.0,-0.040007472,2.8746,1,8,8191,0
597,59.8,-0.02994985,0.0,-1.4950241e-05,0.0,-0.03000778,2.8746,1,8,8191,0
598,59.9,-0.01994395,0.0,-9.949854e-06,0.0,-0.020008087,2.8746,1,8,8191,0
599,60.0,-0.009947522,0.0,-4.950453e-06,0.0,-0.010008454,2.8746,1,8,8191,0
600,60.100002,6.844497e-05,0.0,5.7129974e-08,0.0,-8.761883e-06,2.8746,1,7,8191,0
