# point,freq,zreal,zimag,zmod,zphz,zsig,Idc,Vdc,ie_range,gain,vmod,vphz,vsig,vthd,imod,iphz,isig,ithd,zreal_drift,zimag_drift,zmod_drift,zphz_drift
0.000000000000000000e+00,1.000195312500000000e+05,3.310894531250000000e+04,-4.826425781250000000e+03,3.345887890625000000e+04,-8.293820381164550781e+00,1.000000000000000000e+00,2.604022881769196829e-07,8.725741505622863770e-01,8.000000000000000000e+00,1.345284469425678253e-02,4.234157502651214600e-02,7.932872772216796875e+01,2.485922304913401604e-03,5.634442716836929321e-02,1.265480932488571852e-06,8.762255096435546875e+01,9.999999747378751636e-06,6.433705985546112061e-02,3.310894531250000000e+04,-4.826425781250000000e+03,3.345887890625000000e+04,-8.293820381164550781e+00
1.000000000000000000e+00,7.951171875000000000e+04,3.358285546875000000e+04,-4.181880371093750000e+03,3.384222656250000000e+04,-7.098176479339599609e+00,1.000000000000000000e+00,2.434401551454357104e-07,8.760167360305786133e-01,8.000000000000000000e+00,1.682960614562034607e-02,5.357649922370910645e-02,1.658682861328125000e+02,3.716105828061699867e-03,6.557960808277130127e-02,1.583125708748411853e-06,1.729664764404296875e+02,9.999999747378751636e-06,6.554581224918365479e-02,3.358285546875000000e+04,-4.181880371093750000e+03,3.384222656250000000e+04,-7.098176479339599609e+00
2.000000000000000000e+00,6.310546875000000000e+04,3.390413671875000000e+04,-3.729201171875000000e+03,3.410861328125000000e+04,-6.276874542236328125e+00,1.000000000000000000e+00,2.231263209750977694e-07,9.143397212028503418e-01,8.000000000000000000e+00,2.101994678378105164e-02,6.744304299354553223e-02,1.412578277587890625e+02,4.859122447669506073e-03,7.018171995878219604e-02,1.977302417799364775e-06,1.475347137451171875e+02,9.999999747378751636e-06,7.645021378993988037e-02,3.390413671875000000e+04,-3.729201171875000000e+03,3.410861328125000000e+04,-6.276874542236328125e+00
3.000000000000000000e+00,5.021484375000000000e+04,3.402364453125000000e+04,-3.409746093750000000e+03,3.419407421875000000e+04,-5.722900867462158203e+00,1.000000000000000000e+00,1.877178874565288424e-07,8.967511653900146484e-01,8.000000000000000000e+00,2.629760280251502991e-02,8.458793908357620239e-02,-1.659207916259765625e+02,6.715278606861829758e-03,7.703549414873123169e-02,2.473760332577512600e-06,-1.601978912353515625e+02,9.999999747378751636e-06,8.244454860687255859e-02,3.402364453125000000e+04,-3.409746093750000000e+03,3.419407421875000000e+04,-5.722900867462158203e+00
4.000000000000000000e+00,3.990234375000000000e+04,3.457842578125000000e+04,-2.576563232421875000e+03,3.467428906250000000e+04,-4.261439800262451172e+00,1.000000000000000000e+00,1.891263678999166586e-07,9.346508979797363281e-01,8.000000000000000000e+00,3.258658200502395630e-02,1.062888801097869873e-01,-2.655290222167968750e+01,9.132791310548782349e-03,8.475173264741897583e-02,3.065351393161108717e-06,-2.229146194458007812e+01,9.999999747378751636e-06,8.691760897636413574e-02,3.457842578125000000e+04,-2.576563232421875000e+03,3.467428906250000000e+04,-4.261439800262451172e+00
5.000000000000000000e+00,3.169921875000000000e+04,3.469205859375000000e+04,-2.671434814453125000e+03,3.479476171875000000e+04,-4.403326988220214844e+00,1.000000000000000000e+00,1.699171008340272238e-07,9.194263815879821777e-01,8.000000000000000000e+00,4.082357138395309448e-02,1.336184293031692505e-01,-1.345462951660156250e+02,1.108811330050230026e-02,8.162684738636016846e-02,3.840187673631589860e-06,-1.301429748535156250e+02,9.999999747378751636e-06,8.213133364915847778e-02,3.469205859375000000e+04,-2.671434814453125000e+03,3.479476171875000000e+04,-4.403326988220214844e+00
6.000000000000000000e+00,2.513671875000000000e+04,3.490974609375000000e+04,-2.453953857421875000e+03,3.499589062500000000e+04,-4.020948410034179688e+00,1.000000000000000000e+00,1.864910643689654535e-07,9.079270958900451660e-01,8.000000000000000000e+00,5.115098506212234497e-02,1.683885455131530762e-01,5.107876968383789062e+01,1.399601809680461884e-02,8.188250660896301270e-02,4.811665803572395816e-06,5.509972000122070312e+01,9.999999747378751636e-06,9.041549265384674072e-02,3.490974609375000000e+04,-2.453953857421875000e+03,3.499589062500000000e+04,-4.020948410034179688e+00
7.000000000000000000e+00,1.998046875000000000e+04,3.510997656250000000e+04,-2.274213378906250000e+03,3.518355468750000000e+04,-3.706099033355712891e+00,1.000000000000000000e+00,1.617573701651053852e-07,9.303578734397888184e-01,8.000000000000000000e+00,6.397616863250732422e-02,2.117382884025573730e-01,8.598365783691406250e+01,1.823344454169273376e-02,8.505960553884506226e-02,6.018104159011272714e-06,8.968975830078125000e+01,9.999999747378751636e-06,8.410208672285079956e-02,3.510997656250000000e+04,-2.274213378906250000e+03,3.518355468750000000e+04,-3.706099033355712891e+00
8.000000000000000000e+00,1.587890625000000000e+04,3.531487890625000000e+04,-2.214145019531250000e+03,3.538422265625000000e+04,-3.587590694427490234e+00,1.000000000000000000e+00,1.624920002996077528e-07,9.150803685188293457e-01,8.000000000000000000e+00,7.999101281166076660e-02,2.662516534328460693e-01,-8.916963958740234375e+01,2.176174335181713104e-02,8.066274225711822510e-02,7.524587090301793069e-06,-8.558204650878906250e+01,9.999999747378751636e-06,8.332095295190811157e-02,3.531487890625000000e+04,-2.214145019531250000e+03,3.538422265625000000e+04,-3.587590694427490234e+00
9.000000000000000000e+00,1.259765625000000000e+04,3.559407031250000000e+04,-2.071725341796875000e+03,3.565431250000000000e+04,-3.331098556518554688e+00,1.000000000000000000e+00,1.710604351501388010e-07,9.606668949127197266e-01,8.000000000000000000e+00,1.000351309776306152e-01,3.355104625225067139e-01,-1.651130065917968750e+02,2.727078087627887726e-02,8.026868849992752075e-02,9.410095117345917970e-06,-1.617819061279296875e+02,9.999999747378751636e-06,8.320656418800354004e-02,3.559407031250000000e+04,-2.071725341796875000e+03,3.565431250000000000e+04,-3.331098556518554688e+00
1.000000000000000000e+01,1.001953125000000000e+04,3.570119140625000000e+04,-2.061833740234375000e+03,3.576067968750000000e+04,-3.305304050445556641e+00,1.000000000000000000e+00,1.827828128853070666e-07,9.775069952011108398e-01,8.000000000000000000e+00,1.252935975790023804e-01,4.214792251586914062e-01,6.437977600097656250e+01,3.390448912978172302e-02,7.952070236206054688e-02,1.178610636998200789e-05,6.768508911132812500e+01,1.001878331408079248e-06,8.306823670864105225e-02,3.570119140625000000e+04,-2.061833740234375000e+03,3.576067968750000000e+04,-3.305304050445556641e+00
1.100000000000000000e+01,7.928240722656250000e+03,3.591209375000000000e+04,-2.095339111328125000e+03,3.597316796875000000e+04,-3.339213132858276367e+00,1.000000000000000000e+00,1.714386286266744719e-07,9.578130841255187988e-01,8.000000000000000000e+00,1.827769875526428223e-01,5.247728228569030762e-01,2.626503944396972656e+01,4.094091802835464478e-02,7.708734273910522461e-02,1.458789483876898885e-05,2.960425376892089844e+01,1.185223140964808408e-06,8.003672212362289429e-02,3.591209375000000000e+04,-2.095339111328125000e+03,3.597316796875000000e+04,-3.339213132858276367e+00
1.200000000000000000e+01,6.307870605468750000e+03,3.614598437500000000e+04,-2.197620117187500000e+03,3.621273046875000000e+04,-3.479212284088134766e+00,1.000000000000000000e+00,1.367344850677909562e-07,9.312599301338195801e-01,8.000000000000000000e+00,3.035592734813690186e-01,6.014274954795837402e-01,-4.020147705078125000e+01,3.466136381030082703e-02,5.693657323718070984e-02,1.660817724769003689e-05,-3.672226715087890625e+01,1.008742287922359537e-06,5.890012532472610474e-02,3.614598437500000000e+04,-2.197620117187500000e+03,3.621273046875000000e+04,-3.479212284088134766e+00
1.300000000000000000e+01,5.034722167968750000e+03,3.640849218750000000e+04,-2.375460937500000000e+03,3.648590234375000000e+04,-3.732954502105712891e+00,1.000000000000000000e+00,1.092223556042881683e-07,9.262056350708007812e-01,8.000000000000000000e+00,4.720709919929504395e-01,5.673995018005371094e-01,-9.934749603271484375e+00,3.562198020517826080e-03,6.076245568692684174e-03,1.555119706608820707e-05,-6.201794624328613281e+00,9.999999747378751636e-06,6.496919319033622742e-03,3.640849218750000000e+04,-2.375460937500000000e+03,3.648590234375000000e+04,-3.732954502105712891e+00
1.400000000000000000e+01,3.993055664062500000e+03,3.663985937500000000e+04,-2.486182861328125000e+03,3.672410937500000000e+04,-3.881831884384155273e+00,1.000000000000000000e+00,8.281263319531717570e-08,9.301174283027648926e-01,8.000000000000000000e+00,5.879293680191040039e-01,4.573715627193450928e-01,8.444627761840820312e+00,9.240327635779976845e-04,4.166368744336068630e-04,1.245425755769247189e-05,1.232645988464355469e+01,9.999999747378751636e-06,1.546237850561738014e-03,3.663985937500000000e+04,-2.486182861328125000e+03,3.672410937500000000e+04,-3.881831884384155273e+00
1.500000000000000000e+01,3.144054931640625000e+03,3.690737890625000000e+04,-2.664737548828125000e+03,3.700345312500000000e+04,-4.129628181457519531e+00,1.000000000000000000e+00,7.572759841423248872e-08,9.306735992431640625e-01,8.000000000000000000e+00,6.753258109092712402e-01,4.250406026840209961e-01,5.096453857421875000e+01,1.094392850063741207e-03,1.772686722688376904e-03,1.148651244875509292e-05,5.509416580200195312e+01,9.999999747378751636e-06,1.867634826339781284e-03,3.690737890625000000e+04,-2.664737548828125000e+03,3.700345312500000000e+04,-4.129628181457519531e+00
1.600000000000000000e+01,2.519531250000000000e+03,3.719299218750000000e+04,-2.900773681640625000e+03,3.730594140625000000e+04,-4.459612369537353516e+00,1.000000000000000000e+00,7.591029316245112568e-08,9.255875945091247559e-01,8.000000000000000000e+00,7.464500069618225098e-01,4.123493731021881104e-01,-2.447865247726440430e+00,1.234009512700140476e-03,3.125809598714113235e-03,1.105318369809538126e-05,2.011746883392333984e+00,9.999999747378751636e-06,2.280719112604856491e-03,3.719299218750000000e+04,-2.900773681640625000e+03,3.730594140625000000e+04,-4.459612369537353516e+00
1.700000000000000000e+01,2.000762207031250000e+03,3.750252343750000000e+04,-3.157522216796875000e+03,3.763521093750000000e+04,-4.812663555145263672e+00,1.000000000000000000e+00,8.786634708712881547e-08,9.293376207351684570e-01,8.000000000000000000e+00,8.097424507141113281e-01,4.082635045051574707e-01,2.697296333312988281e+01,8.170873043127357960e-04,1.559972064569592476e-03,1.084791256289463490e-05,3.178562355041503906e+01,9.999999747378751636e-06,2.735736314207315445e-03,3.750252343750000000e+04,-3.157522216796875000e+03,3.763521093750000000e+04,-4.812663555145263672e+00
1.800000000000000000e+01,1.580668579101562500e+03,3.783939453125000000e+04,-3.445997314453125000e+03,3.799598437500000000e+04,-5.203518390655517578e+00,1.000000000000000000e+00,9.018452828968293034e-08,9.375467896461486816e-01,8.000000000000000000e+00,8.627324700355529785e-01,4.048246145248413086e-01,8.846608734130859375e+01,5.300719640217721462e-04,2.473009517416357994e-03,1.065440574166132137e-05,9.366960144042968750e+01,9.999999747378751636e-06,3.057176945731043816e-03,3.783939453125000000e+04,-3.445997314453125000e+03,3.799598437500000000e+04,-5.203518390655517578e+00
1.900000000000000000e+01,1.253633666992187500e+03,3.823991796875000000e+04,-3.841013671875000000e+03,3.843233984375000000e+04,-5.735844135284423828e+00,1.000000000000000000e+00,7.786316302826890023e-08,9.356839656829833984e-01,8.000000000000000000e+00,8.996188640594482422e-01,4.007552564144134521e-01,1.319866485595703125e+02,1.421435270458459854e-03,3.754357108846306801e-03,1.042755320668220520e-05,1.377224884033203125e+02,9.999999747378751636e-06,3.538624150678515434e-03,3.823991796875000000e+04,-3.841013671875000000e+03,3.843233984375000000e+04,-5.735844135284423828e+00
2.000000000000000000e+01,1.000702270507812500e+03,3.867154687500000000e+04,-4.270663574218750000e+03,3.890664453125000000e+04,-6.301880836486816406e+00,1.000000000000000000e+00,7.575691540750995046e-08,9.351999163627624512e-01,8.000000000000000000e+00,9.281965494155883789e-01,4.014257192611694336e-01,1.713980484008789062e+01,2.287116833031177521e-03,5.401781760156154633e-03,1.031766441883519292e-05,2.344168853759765625e+01,9.999999747378751636e-06,4.922801628708839417e-03,3.867154687500000000e+04,-4.270663574218750000e+03,3.890664453125000000e+04,-6.301880836486816406e+00
2.100000000000000000e+01,7.900280761718750000e+02,3.918437109375000000e+04,-4.778667968750000000e+03,3.947468359375000000e+04,-6.953081607818603516e+00,1.000000000000000000e+00,8.053679323438700521e-08,9.349221587181091309e-01,8.000000000000000000e+00,9.496598839759826660e-01,4.038748145103454590e-01,-1.384991149902343750e+02,3.206673543900251389e-03,7.481228560209274292e-03,1.023123695631511509e-05,-1.315460357666015625e+02,9.999999747378751636e-06,4.288202151656150818e-03,3.918437109375000000e+04,-4.778667968750000000e+03,3.947468359375000000e+04,-6.953081607818603516e+00
2.200000000000000000e+01,6.288109741210937500e+02,3.974358984375000000e+04,-5.334430664062500000e+03,4.009998828125000000e+04,-7.644617557525634766e+00,1.000000000000000000e+00,8.644478555197565584e-08,9.342703819274902344e-01,8.000000000000000000e+00,9.632223844528198242e-01,4.067267179489135742e-01,8.046595764160156250e+01,4.323026631027460098e-03,1.003460492938756943e-02,1.014281406241934747e-05,8.811058044433593750e+01,9.999999747378751636e-06,4.613325931131839752e-03,3.974358984375000000e+04,-5.334430664062500000e+03,4.009998828125000000e+04,-7.644617557525634766e+00
2.300000000000000000e+01,5.022321472167968750e+02,3.918117968750000000e+04,-7.489932128906250000e+03,3.989064843750000000e+04,-1.082218170166015625e+01,1.000000000000000000e+00,8.512422766671079444e-08,9.431184530258178711e-01,8.000000000000000000e+00,9.441977143287658691e-01,3.910276293754577637e-01,1.567264862060546875e+02,3.424937138333916664e-03,8.370878174901008606e-03,9.802489330468233675e-06,1.675486602783203125e+02,9.999999747378751636e-06,3.024889621883630753e-03,3.918117968750000000e+04,-7.489932128906250000e+03,3.989064843750000000e+04,-1.082218170166015625e+01
2.400000000000000000e+01,4.001524353027343750e+02,4.015986328125000000e+04,-7.862893554687500000e+03,4.092236328125000000e+04,-1.107780075073242188e+01,1.000000000000000000e+00,7.776850452501093969e-08,9.476410746574401855e-01,8.000000000000000000e+00,9.718207716941833496e-01,4.211957156658172607e-01,1.142751922607421875e+02,5.649611353874206543e-03,1.310755964368581772e-02,1.029255599860334769e-05,1.253529891967773438e+02,9.999999747378751636e-06,3.778149373829364777e-03,4.015986328125000000e+04,-7.862893554687500000e+03,4.092236328125000000e+04,-1.107780075073242188e+01
2.500000000000000000e+01,3.155048217773437500e+02,4.119622265625000000e+04,-8.393223632812500000e+03,4.204253515625000000e+04,-1.151570129394531250e+01,1.000000000000000000e+00,7.656223743879309040e-08,9.469790458679199219e-01,8.000000000000000000e+00,9.857476353645324707e-01,4.264503717422485352e-01,-1.539076232910156250e+02,7.872178219258785248e-03,1.823947392404079437e-02,1.014330700854770839e-05,-1.423919219970703125e+02,9.999999747378751636e-06,4.122328478842973709e-03,4.119622265625000000e+04,-8.393223632812500000e+03,4.204253515625000000e+04,-1.151570129394531250e+01
2.600000000000000000e+01,2.520161285400390625e+02,4.218049609375000000e+04,-9.022274414062500000e+03,4.313462500000000000e+04,-1.207345199584960938e+01,1.000000000000000000e+00,7.830327319879870629e-08,9.446375370025634766e-01,8.000000000000000000e+00,9.913918375968933105e-01,4.338160157203674316e-01,9.255212402343750000e+01,1.027325354516506195e-02,2.339363284409046173e-02,1.005725789582356811e-05,1.046255798339843750e+02,9.999999747378751636e-06,4.322613123804330826e-03,4.218049609375000000e+04,-9.022274414062500000e+03,4.313462500000000000e+04,-1.207345199584960938e+01
2.700000000000000000e+01,2.003205108642578125e+02,4.333188671875000000e+04,-9.923793945312500000e+03,4.445373046875000000e+04,-1.289933109283447266e+01,1.000000000000000000e+00,7.817949665422929684e-08,9.319729804992675781e-01,8.000000000000000000e+00,9.930548071861267090e-01,4.452829957008361816e-01,7.089261627197265625e+01,1.298309955745935440e-02,2.881190180778503418e-02,1.001677446765825152e-05,8.379194641113281250e+01,9.999999747378751636e-06,4.277928732335567474e-03,4.333188671875000000e+04,-9.923793945312500000e+03,4.445373046875000000e+04,-1.289933109283447266e+01
2.800000000000000000e+01,1.580056152343750000e+02,4.469682421875000000e+04,-1.113849609375000000e+04,4.606378515625000000e+04,-1.399315261840820312e+01,1.000000000000000000e+00,7.323961881411378272e-08,9.110205769538879395e-01,8.000000000000000000e+00,9.912741184234619141e-01,4.598118364810943604e-01,1.163063735961914062e+02,1.603637263178825378e-02,3.446602448821067810e-02,9.982068149838596582e-06,1.302995300292968750e+02,9.999999747378751636e-06,4.175535868853330612e-03,4.469682421875000000e+04,-1.113849609375000000e+04,4.606378515625000000e+04,-1.399315261840820312e+01
2.900000000000000000e+01,1.255580368041992188e+02,4.568213281250000000e+04,-1.197226074218750000e+04,4.722491015625000000e+04,-1.468565654754638672e+01,1.000000000000000000e+00,7.895211950881275698e-08,9.220728278160095215e-01,8.000000000000000000e+00,9.855765700340270996e-01,4.695347547531127930e-01,-1.189790115356445312e+02,1.876721158623695374e-02,3.946316614747047424e-02,9.942523320205509663e-06,-1.042933578491210938e+02,9.999999747378751636e-06,4.017413128167390823e-03,4.568213281250000000e+04,-1.197226074218750000e+04,4.722491015625000000e+04,-1.468565654754638672e+01
3.000000000000000000e+01,9.973403930664062500e+01,4.656589453125000000e+04,-1.275467773437500000e+04,4.828109765625000000e+04,-1.531795978546142578e+01,1.000000000000000000e+00,8.261342543391947402e-08,9.430575370788574219e-01,8.000000000000000000e+00,9.687511324882507324e-01,4.745685756206512451e-01,5.774092483520507812e+01,2.128938399255275726e-02,4.430888593196868896e-02,9.829283044382464141e-06,7.305888366699218750e+01,9.999999747378751636e-06,3.848270978778600693e-03,4.656589453125000000e+04,-1.275467773437500000e+04,4.828109765625000000e+04,-1.531795978546142578e+01
3.100000000000000000e+01,7.944915008544921875e+01,4.736633593750000000e+04,-1.326625976562500000e+04,4.918905468750000000e+04,-1.564638042449951172e+01,1.000000000000000000e+00,7.372500476776622236e-08,9.733875989913940430e-01,8.000000000000000000e+00,9.909446239471435547e-01,5.031594634056091309e-01,-1.120317535400390625e+02,2.632869407534599304e-02,5.106600373983383179e-02,1.022909418679773808e-05,-9.638537597656250000e+01,9.999999747378751636e-06,3.488605841994285583e-03,4.736633593750000000e+04,-1.326625976562500000e+04,4.918905468750000000e+04,-1.564638042449951172e+01
3.200000000000000000e+01,6.291946411132812500e+01,4.872033203125000000e+04,-1.490720312500000000e+04,5.094992968750000000e+04,-1.701280021667480469e+01,1.000000000000000000e+00,7.461964912636176450e-08,9.657788276672363281e-01,8.000000000000000000e+00,9.918854236602783203e-01,5.099830031394958496e-01,-1.115039596557617188e+02,2.952106669545173645e-02,5.651875957846641541e-02,1.000949396257055923e-05,-9.449115753173828125e+01,9.999999747378751636e-06,3.090646350756287575e-03,4.872033203125000000e+04,-1.490720312500000000e+04,5.094992968750000000e+04,-1.701280021667480469e+01
3.300000000000000000e+01,4.986701965332031250e+01,5.032882031250000000e+04,-1.678221875000000000e+04,5.305311328125000000e+04,-1.844104003906250000e+01,1.000000000000000000e+00,7.571489391011709813e-08,9.555276036262512207e-01,8.000000000000000000e+00,9.931615591049194336e-01,5.312137603759765625e-01,-1.129001541137695312e+02,3.416363149881362915e-02,6.354384124279022217e-02,1.001286545943003148e-05,-9.445911407470703125e+01,9.999999747378751636e-06,2.827721182256937027e-03,5.032882031250000000e+04,-1.678221875000000000e+04,5.305311328125000000e+04,-1.844104003906250000e+01
3.400000000000000000e+01,3.972457504272460938e+01,5.195292187500000000e+04,-1.899006835937500000e+04,5.531481250000000000e+04,-2.007859992980957031e+01,1.000000000000000000e+00,8.576703436347088427e-08,9.440931081771850586e-01,8.000000000000000000e+00,9.940213561058044434e-01,5.536270737648010254e-01,-1.133630218505859375e+02,3.944278880953788757e-02,7.038615643978118896e-02,1.000865722744492814e-05,-9.328442382812500000e+01,9.999999747378751636e-06,2.649768954142928123e-03,5.195292187500000000e+04,-1.899006835937500000e+04,5.531481250000000000e+04,-2.007859992980957031e+01
3.500000000000000000e+01,3.167229652404785156e+01,5.375008593750000000e+04,-2.162362109375000000e+04,5.793662500000000000e+04,-2.191488838195800781e+01,1.000000000000000000e+00,8.386829364326331415e-08,9.290083050727844238e-01,8.000000000000000000e+00,9.944939613342285156e-01,5.796417593955993652e-01,-1.142685317993164062e+02,4.589213058352470398e-02,7.823179662227630615e-02,1.000475458567962050e-05,-9.235364532470703125e+01,9.999999747378751636e-06,2.381305210292339325e-03,5.375008593750000000e+04,-2.162362109375000000e+04,5.793662500000000000e+04,-2.191488838195800781e+01
3.600000000000000000e+01,2.520161247253417969e+01,5.573614062500000000e+04,-2.461102148437500000e+04,6.092798828125000000e+04,-2.382448196411132812e+01,1.000000000000000000e+00,9.036007497797982069e-08,9.149621129035949707e-01,8.000000000000000000e+00,9.949766397476196289e-01,6.095756292343139648e-01,-1.154471893310546875e+02,5.455056950449943542e-02,8.841701596975326538e-02,1.000485372060211375e-05,-9.162271118164062500e+01,9.999999747378751636e-06,2.129045547917485237e-03,5.573614062500000000e+04,-2.461102148437500000e+04,6.092798828125000000e+04,-2.382448196411132812e+01
3.700000000000000000e+01,2.003205108642578125e+01,5.811178515625000000e+04,-2.852102343750000000e+04,6.473351562500000000e+04,-2.614161300659179688e+01,1.000000000000000000e+00,8.322591327214468038e-08,8.887481689453125000e-01,8.000000000000000000e+00,9.955283999443054199e-01,6.476941108703613281e-01,-1.171634292602539062e+02,6.594938784837722778e-02,1.005947366356849670e-01,1.000554493657546118e-05,-9.102180480957031250e+01,9.999999747378751636e-06,2.193416701629757881e-03,5.811178515625000000e+04,-2.852102343750000000e+04,6.473351562500000000e+04,-2.614161300659179688e+01
3.800000000000000000e+01,1.578282833099365234e+01,6.097275781250000000e+04,-3.351416015625000000e+04,6.957640625000000000e+04,-2.879574394226074219e+01,1.000000000000000000e+00,8.733728407150920248e-08,8.532491326332092285e-01,8.000000000000000000e+00,9.959675073623657227e-01,6.960709691047668457e-01,-1.193287582397460938e+02,8.069249242544174194e-02,1.145292818546295166e-01,1.000441079668235034e-05,-9.053302001953125000e+01,9.999999747378751636e-06,2.190874423831701279e-03,6.097275781250000000e+04,-3.351416015625000000e+04,6.957640625000000000e+04,-2.879574394226074219e+01
3.900000000000000000e+01,1.260080623626708984e+01,6.407372265625000000e+04,-3.917313671875000000e+04,7.509978125000000000e+04,-3.144061470031738281e+01,1.000000000000000000e+00,8.514770399870030815e-08,8.091185092926025391e-01,8.000000000000000000e+00,9.962867498397827148e-01,7.512384653091430664e-01,-1.216035690307617188e+02,9.585065394639968872e-02,1.260649710893630981e-01,1.000320571620250121e-05,-9.016295623779296875e+01,9.999999747378751636e-06,1.947055105119943619e-03,6.407372265625000000e+04,-3.917313671875000000e+04,7.509978125000000000e+04,-3.144061470031738281e+01
4.000000000000000000e+01,9.973403930664062500e+00,6.754342968750000000e+04,-4.521544531250000000e+04,8.128069531250000000e+04,-3.379944992065429688e+01,1.000000000000000000e+00,8.350212965524406172e-08,7.607220411300659180e-01,8.000000000000000000e+00,9.966928362846374512e-01,8.131382465362548828e-01,-1.236577453613281250e+02,1.088582947850227356e-01,1.322849094867706299e-01,1.000407610263209790e-05,-8.985829925537109375e+01,9.999999747378751636e-06,1.878002076409757137e-03,6.754342968750000000e+04,-4.521544531250000000e+04,8.128069531250000000e+04,-3.379944992065429688e+01
4.100000000000000000e+01,7.971938610076904297e+00,7.108146093750000000e+04,-5.080910937500000000e+04,8.737357031250000000e+04,-3.555722808837890625e+01,1.000000000000000000e+00,8.529622874675624189e-08,7.143943309783935547e-01,8.000000000000000000e+00,9.970923066139221191e-01,8.740858435630798340e-01,-1.251792831420898438e+02,1.177596673369407654e-01,1.331290155649185181e-01,1.000400789052946493e-05,-8.962206268310546875e+01,9.999999747378751636e-06,1.645341864787042141e-03,7.108146093750000000e+04,-5.080910937500000000e+04,8.737357031250000000e+04,-3.555722808837890625e+01
4.200000000000000000e+01,6.275100231170654297e+00,7.512755468750000000e+04,-5.630553906250000000e+04,9.388537500000000000e+04,-3.685030746459960938e+01,1.000000000000000000e+00,7.981585525840273476e-08,6.676176786422729492e-01,8.000000000000000000e+00,9.975342154502868652e-01,9.392697811126708984e-01,-1.262693939208984375e+02,1.253120750188827515e-01,1.318360120058059692e-01,1.000443171506049111e-05,-8.941908264160156250e+01,9.999999747378751636e-06,1.397706451825797558e-03,7.512755468750000000e+04,-5.630553906250000000e+04,9.388537500000000000e+04,-3.685030746459960938e+01
4.300000000000000000e+01,5.013369083404541016e+00,7.924232031250000000e+04,-6.113338671875000000e+04,1.000831484375000000e+05,-3.764925384521484375e+01,1.000000000000000000e+00,7.796950995953011443e-08,6.216620206832885742e-01,8.000000000000000000e+00,9.980434775352478027e-01,1.001342415809631348e+00,-1.269227447509765625e+02,1.306124776601791382e-01,1.288960576057434082e-01,1.000510565063450485e-05,-8.927349090576171875e+01,9.999999747378751636e-06,1.245168619789183140e-03,7.924232031250000000e+04,-6.113338671875000000e+04,1.000831484375000000e+05,-3.764925384521484375e+01
4.400000000000000000e+01,3.985969305038452148e+00,8.365259375000000000e+04,-6.536705468750000000e+04,1.061631171875000000e+05,-3.800445938110351562e+01,1.000000000000000000e+00,6.936102181498426944e-08,5.810967087745666504e-01,8.000000000000000000e+00,9.985028505325317383e-01,1.062119841575622559e+00,-1.271447677612304688e+02,1.366181075572967529e-01,1.271008700132369995e-01,1.000460270006442443e-05,-8.914030456542968750e+01,9.999999747378751636e-06,1.077495398931205273e-03,8.365259375000000000e+04,-6.536705468750000000e+04,1.061631171875000000e+05,-3.800445938110351562e+01
4.500000000000000000e+01,3.175812959671020508e+00,8.811382031250000000e+04,-6.900434375000000000e+04,1.119180234375000000e+05,-3.806546783447265625e+01,1.000000000000000000e+00,6.901225901856378186e-08,5.483999848365783691e-01,8.000000000000000000e+00,9.988181591033935547e-01,1.119533658027648926e+00,-1.271046142578125000e+02,1.441044211387634277e-01,1.271929591894149780e-01,1.000315751298330724e-05,-8.903915405273437500e+01,9.999999747378751636e-06,9.585499064996838570e-04,8.811382031250000000e+04,-6.900434375000000000e+04,1.119180234375000000e+05,-3.806546783447265625e+01
4.600000000000000000e+01,2.516103029251098633e+00,9.140773437500000000e+04,-7.312089843750000000e+04,1.170557109375000000e+05,-3.865778732299804688e+01,1.000000000000000000e+00,9.650183585563354427e-08,5.336812138557434082e-01,8.000000000000000000e+00,9.675644040107727051e-01,1.133929610252380371e+00,-1.715541839599609375e+02,9.252617508172988892e-02,8.063391596078872681e-02,9.687092642707284540e-06,-1.328963928222656250e+02,9.999999747378751636e-06,4.390915855765342712e-04,9.140773437500000000e+04,-7.312089843750000000e+04,1.170557109375000000e+05,-3.865778732299804688e+01
4.700000000000000000e+01,1.995530009269714355e+00,9.499577343750000000e+04,-7.476194531250000000e+04,1.208865000000000000e+05,-3.820284652709960938e+01,1.000000000000000000e+00,7.227409781762617058e-08,5.115619301795959473e-01,8.000000000000000000e+00,9.867773056030273438e-01,1.232869505882263184e+00,-1.611910705566406250e+02,1.240872815251350403e-01,9.946098923683166504e-02,1.019856972561683506e-05,-1.229882278442382812e+02,9.999999747378751636e-06,4.335385165177285671e-04,9.499577343750000000e+04,-7.476194531250000000e+04,1.208865000000000000e+05,-3.820284652709960938e+01
4.800000000000000000e+01,1.587906479835510254e+00,1.000933671875000000e+05,-7.906905468750000000e+04,1.275562500000000000e+05,-3.830707931518554688e+01,1.000000000000000000e+00,7.802765367159736343e-08,4.913095831871032715e-01,8.000000000000000000e+00,9.944857358932495117e-01,1.285526871681213379e+00,-1.538399200439453125e+02,1.505936831235885620e-01,1.157649457454681396e-01,1.007811715680873021e-05,-1.155328292846679688e+02,9.999999747378751636e-06,3.667405981104820967e-04,1.000933671875000000e+05,-7.906905468750000000e+04,1.275562500000000000e+05,-3.830707931518554688e+01
4.900000000000000000e+01,1.258051514625549316e+00,1.046333125000000000e+05,-8.286028125000000000e+04,1.334689375000000000e+05,-3.837609481811523438e+01,1.000000000000000000e+00,7.893659415003639879e-08,4.839305579662322998e-01,8.000000000000000000e+00,9.976989626884460449e-01,1.339001774787902832e+00,-1.480860900878906250e+02,1.789029985666275024e-01,1.320329457521438599e-01,1.003231045615393668e-05,-1.097099914550781250e+02,9.999999747378751636e-06,5.884239799343049526e-04,1.046333125000000000e+05,-8.286028125000000000e+04,1.334689375000000000e+05,-3.837609481811523438e+01
5.000000000000000000e+01,9.977650046348571777e-01,1.084339218750000000e+05,-8.649904687500000000e+04,1.387083281250000000e+05,-3.857978820800781250e+01,1.000000000000000000e+00,8.308796850542421453e-08,4.993735551834106445e-01,8.000000000000000000e+00,9.989834427833557129e-01,1.388868927955627441e+00,-1.437950286865234375e+02,2.074282318353652954e-01,1.475867182016372681e-01,1.001287455437704921e-05,-1.052152481079101562e+02,9.999999747378751636e-06,4.462044453248381615e-04,1.084339218750000000e+05,-8.649904687500000000e+04,1.387083281250000000e+05,-3.857978820800781250e+01
