_id,name,alpha_c,avg_alpha_c,avg_cv_diff,avg_highV,avg_i0,avg_lowV,avg_overP,components,cv_date_uploaded,cv_diff,highV,i0,ignore_first,lowV,overP,precipitated_out,temp(C),water_weight,cv_error,avg_conductivity,conductivity,geis_date_uploaded,geis_error
6802a66692bd801e9fb8ad92,TFSI_1p57m_FSI_6p47m_AC_1p02m,"['0.55982', '0.45721', '0.45634']",0.45677500000000004,2.19303193,1.2410435,0.39555,-0.95198843,-1.085214541838036,"{'TFSI': 1.57, 'FSI': 6.47, 'AC': 1.02}",2025-04-16 17:24:15,"[2.2568776, 2.3171024, 2.068961459999999]","[1.1774865, 1.2395204, 1.2425666]","['5.025e-01', '4.006e-01', '3.905e-01']",1.0,"[-1.0793911, -1.077582, -0.8263948600000001]","[-1.091301584937114, -1.08330880683874, -1.087120276837332]",False,23.0,2.718332508235881,-0.24814094000000003,0.06244112108818801,"[0.072135338463007, 0.061442873875459006, 0.06343936830091701]",2025-04-16 17:17:31,0.001996494425458
6802a66692bd801e9fb8ad93,TFSI_10p45m_NO3_0p61m_AC_4p87m,"['0.29749', '0.30851', '0.29949']",0.304,2.6373616,1.424432,0.057390000000000004,-1.2129296,-0.97903461230955,"{'TFSI': 10.45, 'NO3': 0.61, 'AC': 4.87}",2025-04-01 19:56:12,"[2.4551933999999997, 2.6213303, 2.6533929]","[1.2669215999999999, 1.4266342, 1.4222298]","['7.070e-02', '8.883e-02', '2.595e-02']",1.0,"[-1.1882717999999999, -1.1946961, -1.2311631]","[-0.9957893553231011, -1.019869861472159, -0.9381993631469411]",False,23.56,1.8419258394608642,0.032062599999999004,0.012117545271249001,"[0.013440153929467001, 0.012138174767447002, 0.012096915775051]",2025-04-01 19:48:40,-4.1258992395407784e-05
6802a66692bd801e9fb8ad94,FSI_1p25m_NO3_1p01m_ClO4_0p70m_SO4_0p43m,"[None, None, None]",,2.43019565,1.29834505,,-1.1318506,-1.152621117484459,"{'FSI': 1.25, 'NO3': 1.01, 'ClO4': 0.7000000000000001, 'SO4': 0.43}",2025-03-11 11:30:25,"[2.3711698, 2.4372005, 2.4231908]","[1.3313516, 1.3231690999999999, 1.2735210000000001]","[None, None, None]",1.0,"[-1.0398182, -1.1140314, -1.1496698]","[-1.06427442322848, -1.136080052147365, -1.169162182821552]",False,22.25,4.174122396050318,-0.014009700000000002,0.09009374877791401,"[0.10064635617051201, 0.09368331791668201, 0.086504179639146]",2025-03-11 11:24:02,-0.007179138277536001
6802a66792bd801e9fb8ad95,FSI_6p25m_NO3_0p43m_AC_4p99m,"['0.44234', '0.41814', '0.42575']",0.42194499999999996,2.250005299999999,1.1893635,0.38985000000000003,-1.0606418,-1.055717830504346,"{'FSI': 6.25, 'NO3': 0.43, 'AC': 4.99}",2025-03-07 16:07:53,"[2.249081, 2.2529143, 2.2470963]","[1.2068889, 1.1958818, 1.1828452]","['4.531e-01', '3.849e-01', '3.948e-01']",1.0,"[-1.0421921, -1.0570325, -1.0642511]","[-1.048632588210245, -1.050274505661361, -1.061161155347331]",False,22.5,2.8994672846363283,-0.005818,0.035257090459674005,"[0.034228922347663004, 0.035984711814495, 0.034529469104852]",2025-03-07 16:00:58,-0.0014552427096420001
6802a66792bd801e9fb8ad96,TFSI_4p78m_FSI_3p67m_AC_3p27m,"['0.47463', '0.37960', '0.37645']",0.378025,2.3361237,1.2147081,0.26465,-1.1214156,-1.076217183948854,"{'TFSI': 4.78, 'FSI': 3.67, 'AC': 3.27}",2025-04-16 16:10:46,"[2.2350019, 2.3231412000000002, 2.3491062]","[1.1342311, 1.2045237, 1.2248925]","['5.475e-01', '2.906e-01', '2.387e-01']",1.0,"[-1.1007708, -1.1186175, -1.1242137]","[-1.112225351511833, -1.08352507339309, -1.068909294504619]",False,22.81,2.341053939897796,0.025964999999999003,0.030556548823580002,"[0.046479624039127004, 0.030561082705273003, 0.030552014941887]",2025-04-16 16:03:48,-9.067763386168269e-06
6802a66792bd801e9fb8ad97,TFSI_2p47m_NO3_0p98m_ClO4_0p24m_SO4_0p23m_AC_0p26m,"['0.45175', '0.54730', '0.54482']",0.54606,2.2870968,1.22477305,0.5495,-1.06232375,-1.075099590665151,"{'TFSI': 2.47, 'NO3': 0.98, 'ClO4': 0.24, 'SO4': 0.23, 'AC': 0.26}",2025-03-12 19:34:47,"[2.297128899999999, 2.271095599999999, 2.303098]","[1.2326925, 1.209859, 1.2396871]","['3.647e-01', '5.540e-01', '5.450e-01']",1.0,"[-1.0644364, -1.0612366, -1.0634109]","[-1.04786856421292, -1.07376400794204, -1.0764351733882611]",False,22.56,3.507154678790648,0.0320024,0.05932689006433001,"[0.065399043941214, 0.059882629868576, 0.058771150260084004]",2025-03-12 19:28:23,-0.001111479608491
6802a66892bd801e9fb8ad98,FSI_0p36m,"[None, None, None]",,2.2931509500000002,1.26660515,,-1.0265458,-1.043284599934241,{'FSI': 0.36},2025-02-17 10:51:57,"[2.2771073, 2.2931422, 2.2931597]","[1.2529093, 1.2668936, 1.2663167]","[None, None, None]",1.0,"[-1.024198, -1.0262486, -1.026843]","[-1.041011251476317, -1.042808008994332, -1.043761190874149]",False,20.0,4.844945239139513,1.749999999978158e-05,0.016255555830298002,"[0.016129300621322, 0.016307027579668003, 0.016204084080927002]",2025-02-17 10:51:56,-0.000102943498741
6802a66892bd801e9fb8ad99,SO4_1p74m,"['0.69048', '0.74404', '0.79169']",0.767865,2.266045949999999,1.247222,0.5042,-1.018823949999999,-1.036983699875075,{'SO4': 1.74},2025-02-17 10:51:58,"[2.2931429, 2.2691329, 2.262959]","[1.2751128999999999, 1.2509106, 1.2435334]","['5.313e-01', '5.121e-01', '4.963e-01']",1.0,"[-1.01803, -1.0182223, -1.0194256]","[-1.033889840388956, -1.036071065609596, -1.037896334140553]",False,20.0,4.484071271643261,-0.006173899999999,0.061750398791913005,"[0.064010290009056, 0.063694375394342, 0.059806422189484]",2025-02-17 10:51:56,-0.0038879532048570003
6802a66892bd801e9fb8ad9a,TFSI_21m,"['0.63277', '0.53122', '0.49280']",0.5120100000000001,2.8523244,1.73925185,0.74265,-1.11307255,-1.128623100047635,{'TFSI': 21.0},2025-02-17 10:51:58,"[2.8192228, 2.8472014999999997, 2.8574473]","[1.7297422999999998, 1.7377536999999998, 1.74075]","['6.826e-01', '7.454e-01', '7.399e-01']",1.0,"[-1.0894805, -1.1094478, -1.1166973]","[-1.106415417601091, -1.125376913576113, -1.131869286519158]",False,23.62,1.218323178068836,0.010245799999999,0.006970328828073,"[0.00844031156023, 0.007159019419187, 0.006781638236959001]",2025-02-17 10:51:56,-0.000377381182227
6802a66992bd801e9fb8ad9b,TFSI_3p72m_FSI_4p91m_NO3_1p14m_ClO4_2p96m,"[None, '0.75925', '0.74954']",0.754394999999999,2.6503747,1.555286049999999,0.52885,-1.09508865,-1.118702125384505,"{'TFSI': 3.7199999999999998, 'FSI': 4.91, 'NO3': 1.1400000000000001, 'ClO4': 2.96}",2025-04-16 14:56:40,"[2.4312226, 2.6433780000000002, 2.657371399999999]","[1.3594284, 1.5565904, 1.5539817]","[None, '5.163e-01', '5.414e-01']",1.0,"[-1.0717942, -1.0867876, -1.1033897]","[-1.095547424068644, -1.109846718200527, -1.127557532568483]",False,22.68,2.3277592396399083,0.013993399999999,0.058517790289931,"[0.07533266860868, 0.057723371386599005, 0.05931220919326301]",2025-04-16 14:49:55,0.0015888378066630001
6802a66992bd801e9fb8ad9c,FSI_7p07m_AC_4p65m,"['0.50567', '0.39173', '0.40485']",0.39829000000000003,2.1680070000000002,1.18000365,0.13757,-0.9880033500000001,-0.9611559143448881,"{'FSI': 7.07, 'AC': 4.65}",2025-04-16 18:38:04,"[1.9688356999999992, 2.2510632, 2.0849508]","[1.1320407, 1.1796912, 1.1803161]","['5.087e-01', '2.632e-01', '1.194e-02']",1.0,"[-0.836795, -1.071372, -0.9046347]","[-1.081556060789757, -1.054306335629539, -0.8680054930602381]",False,23.06,2.816926706197468,-0.16611239999999902,0.038754500901041,"[0.052013193496337005, 0.038950555853979, 0.038558445948102]",2025-04-16 18:31:11,-0.000392109905877
6802a66992bd801e9fb8ad9d,NO3_3p5m_ClO4_1m_AC_2p1m,"['0.40377', '0.39450', '0.39335']",0.393924999999999,2.19704925,1.16042565,0.4929,-1.0366236,-1.039841420822949,"{'NO3': 3.5, 'ClO4': 1.0, 'AC': 2.1}",2025-03-24 14:20:59,"[2.1870364, 2.1970393, 2.1970592]","[1.1520101, 1.1628213, 1.1580300000000001]","['5.088e-01', '4.788e-01', '5.070e-01']",1.0,"[-1.0350263, -1.034218, -1.0390292]","[-1.0394434487078361, -1.035724207677292, -1.043958633968606]",False,23.93,4.148674421341318,1.9899999999850593e-05,0.08940676332663901,"[0.004759965303496001, 0.07574830794578001, 0.103065218707498]",2025-03-24 14:14:30,0.027316910761718
6802a66a92bd801e9fb8ad9e,TFSI_2p44m_NO3_1p17m_ClO4_0p24m_SO4_0p26m,"['0.78062', '0.61356', '0.58364']",0.5986,2.4622602000000002,1.38741385,0.5558000000000001,-1.07484635,-1.091075974633601,"{'TFSI': 2.44, 'NO3': 1.17, 'ClO4': 0.24, 'SO4': 0.26}",2025-03-12 18:25:52,"[2.4752498, 2.4632698, 2.4612506]","[1.4218258, 1.3938272, 1.3810004999999999]","['5.059e-01', '5.658e-01', '5.458e-01']",1.0,"[-1.053424, -1.0694426, -1.0802501]","[-1.072064962322752, -1.086495637076036, -1.095656312191167]",False,22.37,3.520711005905652,-0.002019199999999,0.06500765743360501,"[0.060043262637959005, 0.068079486267952, 0.061935828599257]",2025-03-12 18:19:23,-0.006143657668694001
6802a66a92bd801e9fb8ad9f,TFSI_1p84m_AC_5p36m,"['0.45155', '0.42749', '0.43108']",0.42928499999999997,2.1680332,1.1498149500000001,0.42625,-1.018218249999999,-1.011016890489215,"{'TFSI': 1.8399999999999999, 'AC': 5.36}",2025-02-17 10:51:58,"[2.1510631, 2.1670561, 2.1690103]","[1.1255926, 1.1480248, 1.1516051]","['4.178e-01', '3.910e-01', '4.615e-01']",1.0,"[-1.0254705, -1.0190313, -1.0174052]","[-1.018599373847614, -1.006718909069516, -1.015314871908913]",False,20.0,3.4702774954933022,0.0019542,0.030139133541795003,"[0.028352497100506004, 0.029638215818156004, 0.030640051265434003]",2025-02-17 10:51:56,0.001001835447278
6802a66a92bd801e9fb8ada0,SO4_2p16m,"[None, None, None]",,2.2791454,1.2521054,,-1.02704,-1.044909155920387,{'SO4': 2.16},2025-02-17 10:51:57,"[2.2651016, 2.2791425, 2.2791483]","[1.2368700000000001, 1.2539065, 1.2503043]","[None, None, None]",1.0,"[-1.0282316, -1.025236, -1.028844]","[-1.047168649200836, -1.044686568187581, -1.045131743653192]",False,20.0,4.375101049260903,5.800000000277805e-06,0.083908104272536,"[0.07995211740602501, 0.08912908545568801, 0.07868712308938401]",2025-02-17 10:51:55,-0.010441962366304
6802a66b92bd801e9fb8ada1,SO4_1p2m_AC_0p14m,"['0.65042', '0.58453', '0.56211']",0.57332,2.2220723000000002,1.19097085,0.58455,-1.03110145,-1.041636727988114,"{'SO4': 1.2, 'AC': 0.14}",2025-02-18 21:58:57,"[2.2110714, 2.2210545, 2.2230901]","[1.1884724, 1.1904562, 1.1914855]","['6.111e-01', '5.808e-01', '5.883e-01']",1.0,"[-1.022599, -1.0305983, -1.0316046]","[-1.039029616504437, -1.040740322099234, -1.042533133876994]",False,20.0,4.613566110537662,0.0020356000000000003,0.06812926947394901,"[0.066937434871111, 0.069097458312163, 0.067161080635734]",2025-02-18 21:52:52,-0.0019363776764280002
6802a66b92bd801e9fb8ada2,FSI_0p62m,"[None, None, None]",,2.308161499999999,1.29123525,,-1.01692625,-1.036553317926436,{'FSI': 0.62},2025-02-17 10:51:57,"[2.2931017, 2.3091717, 2.3071513]","[1.2975354000000001, 1.2955457, 1.2869248]","[None, None, None]",1.0,"[-0.9955662999999999, -1.013626, -1.0202265]","[-1.015593145491056, -1.032622263869985, -1.040484371982888]",False,20.0,4.7388110417295195,-0.0020203999999990003,0.033268679539087,"[0.032710405208558, 0.033505064659428, 0.033032294418745]",2025-02-17 10:51:55,-0.00047277024068200006
6802a66b92bd801e9fb8ada3,TFSI_2p45m_NO3_1p34m_ClO4_0p34m_SO4_0p33m_AC_1p35m,"['0.50527', '0.48116', '0.48150']",0.48133000000000004,2.27008705,1.2146565,0.5296500000000001,-1.05543055,-1.059274529940062,"{'TFSI': 2.45, 'NO3': 1.34, 'ClO4': 0.34, 'SO4': 0.33, 'AC': 1.35}",2025-03-12 20:43:46,"[2.2290785, 2.281113, 2.2590611000000003]","[1.1846647, 1.2284744, 1.2008386]","['5.525e-01', '5.250e-01', '5.343e-01']",1.0,"[-1.0444138, -1.0526386, -1.0582225]","[-1.052394912612744, -1.056872968751877, -1.061676091128246]",False,22.75,3.383351584437991,-0.022051900000000003,0.054190262728228,"[0.057656135208435, 0.054442652508256, 0.053937872948201]",2025-03-12 20:37:22,-0.000504779560054
6802a66c92bd801e9fb8ada4,AC_1p71m,"['0.55487', '0.57244', '0.57157']",0.572005,2.151959415,1.18065905,0.5488500000000001,-0.971300365,-0.9861317370136461,{'AC': 1.71},2025-02-17 10:51:58,"[2.15095374, 2.15095576, 2.15296307]","[1.1866366, 1.1786566, 1.1826615]","['5.680e-01', '5.480e-01', '5.497e-01']",1.0,"[-0.96431714, -0.97229916, -0.9703015700000001]","[-0.980570966405173, -0.986165362620362, -0.986098111406929]",False,20.0,4.744444544155979,0.00200731,0.03914867896653,"[0.038393028405709004, 0.039818033456833005, 0.038479324476227005]",2025-02-17 10:51:54,-0.0013387089806060001
6802a66c92bd801e9fb8ada5,NO3_5p32m_ClO4_0p8m,"['0.10746', None, None]",,2.2731236,1.25924035,,-1.01388325,-1.03755479287562,"{'NO3': 5.32, 'ClO4': 0.8}",2025-02-28 16:47:16,"[2.4031826, 2.2810917, 2.2651555]","[1.3944274, 1.2717303, 1.2467504]","['2.965e-02', None, None]",1.0,"[-1.0087552, -1.0093614, -1.0184051]","[-0.127342743052755, -1.032717900656953, -1.042391685094287]",False,20.0,4.238860068753783,-0.0159362,0.103637243873612,"[0.12664419527325102, 0.103561746732812, 0.10371274101441101]",2025-02-28 16:41:08,0.00015099428159800002
6802a66c92bd801e9fb8ada6,NO3_2p94m_ClO4_3p57m_AC_0p98m,"['0.43940', '0.41291', '0.41016']",0.411535,2.2951226,1.24189595,0.4203,-1.05322665,-1.039561627387622,"{'NO3': 2.94, 'ClO4': 3.5700000000000003, 'AC': 0.98}",2025-03-07 17:17:28,"[2.287167, 2.293146, 2.2970992]","[1.2719477000000001, 1.2467173, 1.2370746]","['4.615e-01', '4.141e-01', '4.265e-01']",1.0,"[-1.0152193, -1.0464287, -1.0600246]","[-1.00994535982502, -1.032638937390802, -1.046484317384441]",False,22.56,3.9424182384733,0.003953199999999,0.136339938826783,"[0.152143894282498, 0.135433316150034, 0.137246561503531]",2025-03-07 17:10:49,0.001813245353496
6802a66d92bd801e9fb8ada7,TFSI_12p57m,"['0.72814', '0.64986', '0.63133']",0.640595,2.6903462499999993,1.617488499999999,0.65685,-1.072857749999999,-1.090202598704183,{'TFSI': 12.57},2025-02-17 10:51:57,"[2.6413947, 2.693427599999999, 2.687264899999999]","[1.5877585, 1.6245873, 1.6103896999999998]","['5.867e-01', '6.437e-01', '6.700e-01']",1.0,"[-1.0536362, -1.0688403, -1.0768752]","[-1.072540119291516, -1.0855856958434331, -1.094819501564934]",False,20.0,1.749495640686368,-0.006162699999999,0.023432409758499,"[0.023908689140550003, 0.023638272551485002, 0.023226546965512]",2025-02-17 10:51:56,-0.00041172558597200003
6802a66d92bd801e9fb8ada8,AC_0p83m,"['0.62124', '0.54701', '0.51972']",0.533365,2.139963899999999,1.1576333,0.44530000000000003,-0.9823305999999999,-0.9863730922891951,{'AC': 0.8300000000000001},2025-02-17 10:51:57,"[2.1369231, 2.1389545, 2.140973299999999]","[1.1646281, 1.1566211, 1.1586455]","['4.238e-01', '4.316e-01', '4.590e-01']",1.0,"[-0.9722949999999999, -0.9823333999999999, -0.9823278]","[-0.9781392036343701, -0.9865732958455581, -0.986172888732831]",False,20.0,4.872607690585771,0.002018799999999,0.038728167006104,"[0.036657547833934004, 0.038502072355324005, 0.038954261656885]",2025-02-17 10:51:56,0.00045218930156000004
6802a66d92bd801e9fb8ada9,NO3_3p5m_ClO4_2m,"[None, None, None]",,2.4162176,1.3587058,,-1.0575118,-1.077930905960495,"{'NO3': 3.5, 'ClO4': 2.0}",2025-03-24 12:03:01,"[2.4232034000000002, 2.4211962, 2.411239]","[1.3900902, 1.3718115, 1.3456001]","[None, None, None]",1.0,"[-1.0331132, -1.0493847, -1.0656389]","[-1.052855280088911, -1.069213092441624, -1.086648719479366]",False,23.06,4.225741785789251,-0.009957199999999,0.16086123158878202,"[0.16066127617074602, 0.151575510524101, 0.17014695265346302]",2025-03-24 11:56:35,0.018571442129362
6802a66e92bd801e9fb8adaa,ClO4_0p4m_AC_6p3m,"['0.40964', '0.37903', '0.37191']",0.375469999999999,2.17099215,1.1109877,0.47350000000000003,-1.06000445,-1.069065061760609,"{'ClO4': 0.4, 'AC': 6.3}",2025-02-18 18:32:43,"[2.1670075, 2.1709985, 2.1709858]","[1.1088098, 1.1107966, 1.1111788]","['5.480e-01', '4.769e-01', '4.701e-01']",1.0,"[-1.0581977, -1.0602019, -1.059807]","[-1.073269837974005, -1.069885682425755, -1.068244441095462]",False,20.0,4.111455216871584,-1.2700000000087643e-05,0.027903104678423003,"[0.027628424608591003, 0.028159146046082002, 0.027647063310764]",2025-02-18 18:25:56,-0.000512082735318
6802a66e92bd801e9fb8adab,TFSI_0p28m_ClO4_1p59m,"[None, None, None]",,2.3081374500000003,1.2914276,,-1.01670985,-1.040906913546462,"{'TFSI': 0.28, 'ClO4': 1.5899999999999999}",2025-02-17 10:51:57,"[2.3051203, 2.3071241000000002, 2.3091508]","[1.3047442, 1.2935108, 1.2893444]","[None, None, None]",1.0,"[-1.0003761, -1.0136133, -1.0198064]","[-1.022909228396709, -1.037634704662511, -1.044179122430412]",False,20.0,4.497959054051222,0.0020267,0.08768088569799701,"[0.08880736315407901, 0.08701768342826101, 0.088344087967734]",2025-02-17 10:51:56,0.0013264045394730001
6802a66e92bd801e9fb8adac,NO3_1m,"[None, None, None]",,2.30514775,1.253501,,-1.05164675,-1.074716574866784,{'NO3': 1.0},2025-02-17 10:51:57,"[2.3511783, 2.3111568, 2.2991387]","[1.2941453, 1.2596973999999999, 1.2473046]","[None, None, None]",1.0,"[-1.0570330000000001, -1.0514594, -1.0518341]","[-1.079345065810427, -1.074705536479113, -1.074727613254454]",False,23.62,4.868025923310825,-0.012018099999999001,0.057355818727619,"[0.057185249646892006, 0.05820896897189701, 0.056502668483341005]",2025-02-17 10:51:56,-0.001706300488555
6802a66f92bd801e9fb8adad,AC_0p29m,"['0.51276', '0.47604', '0.46662']",0.47133,2.17703285,1.17304755,0.6844,-1.0039853,-1.013394992469525,{'AC': 0.29},2025-02-17 10:51:57,"[2.1690441, 2.1750268, 2.1790389]","[1.1666543, 1.1700516, 1.1760435]","['6.580e-01', '6.828e-01', '6.860e-01']",1.0,"[-1.0023898, -1.0049752, -1.0029954]","[-1.013218509997971, -1.01420967879649, -1.01258030614256]",False,20.0,4.95473917484002,0.004012099999999,0.014075376689752,"[0.013535542060359002, 0.014191853036877, 0.013958900342626]",2025-02-17 10:51:56,-0.000232952694251
6802a66f92bd801e9fb8adae,NO3_0p28m_ClO4_5m,"[None, None, None]",,2.37022145,1.3384432,,-1.03177825,-1.055166352257659,"{'NO3': 0.28, 'ClO4': 5.0}",2025-02-17 10:51:57,"[2.4192025, 2.3732419, 2.3672009999999992]","[1.4161931, 1.3477597000000001, 1.3291267]","[None, None, None]",1.0,"[-1.0030094, -1.0254822, -1.0380743]","[-1.025730410256281, -1.04874716472791, -1.061585539787408]",False,20.0,4.070217643176819,-0.0060409,0.166913906676249,"[0.173807313974179, 0.17381674639777, 0.16001106695472803]",2025-02-17 10:51:55,-0.013805679443041001
6802a66f92bd801e9fb8adaf,AC_2p88m,"['0.56402', '0.56374', '0.55265']",0.558195,2.15401545,1.13228745,0.56655,-1.021728,-1.03891524435414,{'AC': 2.88},2025-02-17 10:51:58,"[2.1650356, 2.1510154, 2.1570155]","[1.117593, 1.1259729, 1.1386020000000001]","['5.710e-01', '5.652e-01', '5.679e-01']",1.0,"[-1.0474426, -1.0250425, -1.0184135]","[-1.064166736038332, -1.04281216140709, -1.03501832730119]",False,20.0,4.584133957207609,0.006000099999999,0.039862289330431004,"[0.041848217903736, 0.038791821362462, 0.040932757298399]",2025-02-17 10:51:56,0.0021409359359370003
6802a67092bd801e9fb8adb0,FSI_21m,"['0.74220', '0.58867', '0.57478']",0.5817249999999999,2.87833135,1.693106,0.23945000000000002,-1.18522535,-1.161736254046751,{'FSI': 21.0},2025-02-17 10:51:57,"[2.749374, 2.8632422, 2.8934205]","[1.6541108, 1.706722, 1.67949]","['3.127e-01', '2.702e-01', '2.087e-01']",1.0,"[-1.0952632, -1.1565202, -1.2139305]","[-1.089914537899385, -1.139207243696871, -1.184265264396631]",False,23.31,1.7440650856519642,0.030178299999999002,0.031045490410298002,"[0.037317781977885, 0.031297220860407, 0.030793759960189]",2025-02-17 10:51:55,-0.0005034609002170001
6802a67092bd801e9fb8adb1,FSI_5p1m,"[None, '0.36427', None]",,2.47014755,1.32945665,,-1.1406909,-0.753988832319132,{'FSI': 5.1},2025-02-17 10:51:57,"[2.4230288, 2.5170988, 2.4231963]","[1.3616008, 1.3806131, 1.2783001999999999]","[None, '1.000e-05', None]",1.0,"[-1.061428, -1.1364857, -1.1448961]","[-1.083768808529761, -0.342643416316993, -1.165334248321271]",False,20.0,3.440252675337638,-0.0939025,0.09331907975294501,"[0.098525255983697, 0.100156762693432, 0.086481396812458]",2025-02-17 10:51:54,-0.013675365880974
6802a67092bd801e9fb8adb2,AC_7m,"['0.35263', '0.35481', '0.36590']",0.360355,2.17298665,1.1259834,0.45485000000000003,-1.04700325,-1.053296653964343,{'AC': 7.0},2025-02-19 03:42:37,"[2.1970168, 2.1729849, 2.1729884]","[1.1292106, 1.1269841999999999, 1.1249826]","['4.993e-01', '4.566e-01', '4.531e-01']",1.0,"[-1.0678062, -1.0460007, -1.0480058]","[-1.062460716238225, -1.0509130164151501, -1.055680291513535]",False,20.0,4.096693415632222,3.500000000045133e-06,0.021777169159472,"[0.022019769595568003, 0.021704098731476003, 0.021850239587468002]",2025-02-19 03:35:45,0.000146140855991
6802a67192bd801e9fb8adb3,SO4_2m,"[None, None, None]",,2.27494055,1.24980435,,-1.0251362,-1.043278848238845,{'SO4': 2.0},2025-02-17 10:51:57,"[2.2911343, 2.2769176, 2.2729635]","[1.2857404, 1.2537, 1.2459087]","[None, None, None]",1.0,"[-1.0053939, -1.0232176, -1.0270548]","[-1.023230673732514, -1.04161249526124, -1.04494520121645]",False,23.37,4.415983171488229,-0.0039541,0.080150270468756,"[0.07835352744438301, 0.080333765979349, 0.07996677495816301]",2025-02-17 10:51:55,-0.00036699102118600005
6802a67192bd801e9fb8adb4,TFSI_4p70m_FSI_8p47m_ClO4_0p27m,"['0.66749', None, None]",,2.650375099999999,1.54680405,,-1.10357105,-1.128486034363391,"{'TFSI': 4.7, 'FSI': 8.47, 'ClO4': 0.27}",2025-03-20 11:20:09,"[2.6013777, 2.643366699999999, 2.6573835]","[1.5092956, 1.5479089, 1.5456992]","['4.820e-01', None, None]",1.0,"[-1.0920821, -1.0954578, -1.1116843]","[-1.107181124487761, -1.121200329516429, -1.1357717392103521]",False,23.56,2.032851068855839,0.014016800000000001,0.04258687702635,"[0.05485169666023, 0.04039056837990301, 0.044783185672797]",2025-03-20 11:13:23,0.004392617292894
6802a67192bd801e9fb8adb5,FSI_9p14m_AC_2p65m,"['0.33861', '0.40387', '0.38242']",0.393144999999999,2.2330657,1.24633705,0.01097,-0.9867286500000001,-0.8391287335827171,"{'FSI': 9.14, 'AC': 2.65}",2025-04-16 19:52:45,"[2.5352772999999997, 2.1429935, 2.3231379]","[1.3712412999999999, 1.2601518999999999, 1.2325222]","['2.014e-01', '1.078e-02', '1.116e-02']",1.0,"[-1.164036, -0.8828416, -1.0906157]","[-1.090635999679857, -0.8406349237718861, -0.837622543393548]",False,23.25,2.63712432623805,0.180144399999999,0.048401285078061004,"[0.069816991573206, 0.048550725544491004, 0.048251844611631005]",2025-04-16 19:45:50,-0.000298880932859
6802a67292bd801e9fb8adb6,SO4_3m,"['0.70079', '0.62064', '0.57361']",0.597124999999999,2.35119145,1.3101503,0.4582,-1.041041149999999,-1.043706389081716,{'SO4': 3.0},2025-02-17 10:51:57,"[2.3489557, 2.3451972, 2.357185699999999]","[1.3321394, 1.3071607, 1.3131399]","['4.509e-01', '4.453e-01', '4.711e-01']",1.0,"[-1.0168163, -1.0380365, -1.0440458]","[-1.025219805268938, -1.040451199663098, -1.046961578500334]",False,23.12,4.172313066993833,0.011988499999999002,0.072192425648439,"[0.074454138020962, 0.07263007332300901, 0.071754777973868]",2025-02-17 10:51:54,-0.0008752953491410001
6802a67292bd801e9fb8adb7,TFSI_2p94m_AC_4p06m,"['0.36133', '0.41217', '0.40149']",0.40683,2.194910649999999,1.123015699999999,0.5435,-1.07189495,-1.080231844887391,"{'TFSI': 2.94, 'AC': 4.06}",2025-02-18 19:42:36,"[2.1910005, 2.1910108, 2.1988105]","[1.1135888, 1.1212183, 1.1248131]","['4.537e-01', '5.458e-01', '5.412e-01']",1.0,"[-1.0774117, -1.0697925, -1.0739974]","[-1.07347994052928, -1.079160021415808, -1.081303668358973]",False,20.0,3.200106159101723,0.0077997000000000006,0.028541030201971,"[0.030195770161000002, 0.027937891262033002, 0.029144169141909003]",2025-02-18 19:36:01,0.0012062778798760001
6802a67292bd801e9fb8adb8,AC_p5m_SO4_1p5m,"['0.50502', '0.50916', '0.52627']",0.517714999999999,2.203765319999999,1.2097058,0.45370000000000005,-0.99405952,-0.99429643873378,"{'AC': 0.5, 'SO4': 1.5}",2025-02-17 10:51:57,"[2.2207933, 2.2067715, 2.200759139999999]","[1.2287383, 1.2107096, 1.208702]","['4.863e-01', '4.572e-01', '4.502e-01']",1.0,"[-0.9920549999999999, -0.9960619, -0.99205714]","[-0.992387715420701, -0.9956339725188571, -0.9929589049487021]",False,20.0,4.484555226711392,-0.0060123600000000004,0.069698989324374,"[0.069645146417995, 0.072454236632794, 0.066943742015955]",2025-02-17 10:51:56,-0.005510494616838
6802a67392bd801e9fb8adb9,NO3_7m,"[None, None, None]",,2.45725515,1.390397549999999,,-1.0668576,-1.087180185815873,{'NO3': 7.0},2025-02-17 10:51:57,"[2.441239099999999, 2.4592694, 2.455240899999999]","[1.4066082, 1.4014091, 1.379386]","[None, None, None]",1.0,"[-1.0346309, -1.0578603, -1.0758549]","[-1.050061339934384, -1.076621589699902, -1.097738781931844]",False,20.0,4.202483299419715,-0.0040285,0.15127829690371603,"[0.161545860698587, 0.15376020379007402, 0.148796390017357]",2025-02-17 10:51:55,-0.004963813772716001
6802a67392bd801e9fb8adba,NO3_2p28m_ClO4_0p79m_SO4_0p98m,"['0.90038', '0.81170', '0.75191']",0.781805,2.37716595,1.3277462500000001,0.48725,-1.0494197,-1.067648246104482,"{'NO3': 2.2800000000000002, 'ClO4': 0.79, 'SO4': 0.98}",2025-03-10 17:11:03,"[2.3651711, 2.3791488, 2.3751831]","[1.3239745, 1.3313481, 1.3241444]","['4.162e-01', '4.505e-01', '5.240e-01']",1.0,"[-1.0411966, -1.0478007, -1.0510387]","[-1.060871621450799, -1.0651905726268631, -1.0701059195821]",False,22.68,4.304748738466392,-0.0039657,0.11671063388573401,"[0.106686857334311, 0.126709055366221, 0.106712212405246]",2025-03-10 17:04:43,-0.019996842960974003
6802a67392bd801e9fb8adbb,TFSI_1p61m_FSI_2p91m_ClO4_0p10m_SO4_0p064m,"[None, None, None]",,2.46012655,1.3957047500000002,,-1.064421799999999,-1.08928154233228,"{'TFSI': 1.6099999999999999, 'FSI': 2.91, 'ClO4': 0.1, 'SO4': 0.064}",2025-03-19 17:37:55,"[2.4912251, 2.4630105, 2.4572426]","[1.4408939, 1.4024109, 1.3889985999999999]","[None, None, None]",1.0,"[-1.0503312, -1.0605996, -1.068244]","[-1.073176853956012, -1.085420757728286, -1.093142326936273]",False,22.81,3.321560458701158,-0.0057679,0.074665808172791,"[0.073244806203393, 0.07105427008354401, 0.078277346262038]",2025-03-19 17:31:35,0.007223076178494001
6802a67492bd801e9fb8adbc,TFSI_4p18m_NO3_1p14m_ClO4_0p04m_SO4_0p04m,"[None, None, None]",,2.5212073,1.45590405,,-1.06530325,-1.09120359692405,"{'TFSI': 4.18, 'NO3': 1.1400000000000001, 'ClO4': 0.04, 'SO4': 0.04}",2025-03-14 14:02:48,"[2.4990954, 2.5251028, 2.5173118]","[1.4448602, 1.4619119, 1.4498962]","[None, None, None]",1.0,"[-1.0542352, -1.0631909, -1.0674156]","[-1.079325625410553, -1.088342119054923, -1.094065074793177]",False,20.0,3.024507527773933,-0.007791,0.058070065784777004,"[0.055801965182506005, 0.05821559438022501, 0.057924537189329]",2025-03-14 13:56:16,-0.000291057190895
6802a67492bd801e9fb8adbd,TFSI_1p70m_FSI_2p96m_SO4_0p06m_AC_0p15m,"['0.62046', '0.61355', '0.59937']",0.60646,2.30810245,1.23344615,0.51505,-1.0746563,-1.089773037655871,"{'TFSI': 1.7000000000000002, 'FSI': 2.96, 'SO4': 0.06, 'AC': 0.15}",2025-03-19 18:46:43,"[2.3171575, 2.3090986, 2.3071063]","[1.2512984999999999, 1.2372543999999999, 1.2296379]","['4.976e-01', '5.154e-01', '5.147e-01']",1.0,"[-1.0658590000000001, -1.0718442, -1.0774683999999999]","[-1.078872985323702, -1.08687603969312, -1.092670035618621]",False,23.18,3.282761553372887,-0.001992299999999,0.072298828542094,"[0.070436308517471, 0.068599746205825, 0.07599791087836401]",2025-03-19 18:40:21,0.007398164672539001
6802a67492bd801e9fb8adbe,TFSI_0p91m_NO3_2p10m_SO4_0p90m,"[None, '0.84945', '0.66534']",0.7573949999999999,2.3861958,1.3499770500000001,0.500599999999999,-1.03621875,-1.058762464841768,"{'TFSI': 0.91, 'NO3': 2.1, 'SO4': 0.9}",2025-03-10 19:28:44,"[2.3671860000000002, 2.3751888, 2.3972028]","[1.3473915, 1.3435739, 1.3563802]","[None, '4.324e-01', '5.688e-01']",1.0,"[-1.0197945, -1.0316149000000001, -1.0408226]","[-1.041733351170017, -1.05500123178689, -1.062523697896646]",False,22.25,3.996957980682206,0.022013999999999003,0.089792357862291,"[0.08596297259959601, 0.08842556961891401, 0.09115914610566701]",2025-03-10 19:22:22,0.0027335764867520004
6802a67592bd801e9fb8adbf,AC_3p5m_SO4_p5m,"['0.53281', '0.50542', '0.50551']",0.5054649999999999,2.160900524999999,1.1786469,0.4703,-0.982253625,-0.9857883331661891,"{'AC': 3.5, 'SO4': 0.5}",2025-02-17 10:51:57,"[2.164943, 2.15888885, 2.1629122]","[1.1986738, 1.1766344, 1.1806594]","['5.153e-01', '4.698e-01', '4.708e-01']",1.0,"[-0.9662691999999999, -0.98225445, -0.9822527999999999]","[-0.9765107814510081, -0.9850998729761671, -0.9864767933562101]",False,20.0,4.373263551234581,0.00402335,0.041579775030964,"[0.043127099376709006, 0.041406915579914, 0.041752634482014]",2025-02-17 10:51:54,0.0003457189021
6802a67592bd801e9fb8adc0,NO3_0p93m_ClO4_0p65m,"[None, '0.73844', '0.74530']",0.74187,2.33015835,1.3165550000000001,0.48335000000000006,-1.01360335,-1.023866011950732,"{'NO3': 0.93, 'ClO4': 0.65}",2025-02-17 10:51:58,"[2.32499074, 2.3291489, 2.3311678000000002]","[1.3498119, 1.3225609, 1.3105491]","[None, '4.538e-01', '5.129e-01']",1.0,"[-0.97517884, -1.006588, -1.0206187]","[-0.995184223289004, -1.015595757738107, -1.032136266163357]",False,20.0,4.744182017890837,0.0020189,0.089767130177095,"[0.080612505723113, 0.090896598214348, 0.088637662139843]",2025-02-17 10:51:55,-0.0022589360745050003
6802a67592bd801e9fb8adc1,TFSI_2p73m_NO3_6p10m,"[None, None, None]",,2.58313265,1.536171899999999,,-1.04696075,-1.071173602605838,"{'TFSI': 2.73, 'NO3': 6.1}",2025-02-17 10:51:57,"[2.499283799999999, 2.5770985, 2.5891668]","[1.4854424, 1.5368505, 1.5354933]","[None, None, None]",1.0,"[-1.0138414, -1.040248, -1.0536735]","[-1.040601948660091, -1.064790783486019, -1.077556421725656]",False,20.0,3.186959365773845,0.0120683,0.089370007336544,"[0.087421380233567, 0.08817667977608201, 0.090563334897007]",2025-02-17 10:51:56,0.002386655120925
6802a67692bd801e9fb8adc2,AC_1m,"['0.28264', '0.33133', '0.21175']",0.27154,2.2430594,1.2036619,0.0003073,-1.0393975,-0.154496272107416,{'AC': 1.0},2025-02-19 01:23:51,"[2.253084399999999, 2.197011, 2.2891078]","[1.2216779, 1.1736343, 1.2336895]","['5.044e-05', '1.000e-05', '6.046e-04']",1.0,"[-1.0314065, -1.0233767, -1.0554183]","[-0.14521509002643201, -0.15229647845093802, -0.156696065763894]",False,20.0,4.847312088695848,0.0920968,0.031021980345626,"[0.030192425550005002, 0.031067626406815003, 0.030976334284437003]",2025-02-19 01:17:16,-9.12921223775523e-05
6802a67692bd801e9fb8adc3,AC_3p62m,"['0.25563', '0.52518', '0.51912']",0.52215,2.15898017,1.1786184,0.5744,-0.98036177,-0.9917680266502791,{'AC': 3.62},2025-02-17 10:51:58,"[2.3109276, 2.1549756, 2.16298474]","[1.2806852, 1.1746106, 1.1826262]","['7.558e-05', '5.707e-01', '5.781e-01']",1.0,"[-1.0302424, -0.9803649999999999, -0.98035854]","[-0.096069307776037, -0.9916334893494021, -0.9919025639511561]",False,20.0,4.4882167533259345,0.008009139999999,0.02959448256496,"[0.02887727164124, 0.029542381918621, 0.029646583211298]",2025-02-17 10:51:55,0.00010420129267700001
6802a67792bd801e9fb8adc4,NO3_1p4m_ClO4_2m_AC_2p1m,"['0.46316', '0.41654', '0.41551']",0.416025,2.1780518,1.1450151,0.5562,-1.033036699999999,-1.045073940056395,"{'NO3': 1.4, 'ClO4': 2.0, 'AC': 2.1}",2025-03-24 13:11:44,"[2.1570378, 2.177061499999999, 2.1790421]","[1.1057838, 1.1450138, 1.1450164]","['5.556e-01', '5.463e-01', '5.661e-01']",1.0,"[-1.051254, -1.0320477, -1.0340257]","[-1.061508505368864, -1.04336254263458, -1.04678533747821]",False,23.87,4.193078349782683,0.0019806000000000003,0.085338003778245,"[0.085903082801942, 0.07445534539762301, 0.096220662158867]",2025-03-24 13:05:23,0.021765316761244
6802a67792bd801e9fb8adc5,TFSI_11p00m_AC_7p16m,"['0.33020', '0.31239', '0.31229']",0.31234,2.56921,1.35889245,0.1081,-1.21031755,-1.053589795065413,"{'TFSI': 11.0, 'AC': 7.16}",2025-04-01 23:29:44,"[2.315093499999999, 2.5573167999999997, 2.5811032000000003]","[1.132599, 1.3487941, 1.3689908]","['2.409e-01', '1.113e-01', '1.049e-01']",1.0,"[-1.1824945, -1.2085227, -1.2121124]","[-1.104730135616161, -1.055534422759929, -1.051645167370897]",False,20.0,1.753498811929223,0.023786400000000003,0.008295752162874,"[0.009370532453782, 0.008305549860781001, 0.008285954464967]",2025-04-01 23:22:09,-1.9595395813969133e-05
6802a67792bd801e9fb8adc6,ClO4_0p85m,"[None, None, None]",,2.2830015,1.2609111,,-1.0220904,-1.041090829225189,{'ClO4': 0.85},2025-02-17 10:51:57,"[2.3010726, 2.2808867, 2.2851163]","[1.2963196, 1.2608994, 1.2609228]","[None, None, None]",1.0,"[-1.004753, -1.0199873, -1.0241935]","[-1.025417565164081, -1.039592716784888, -1.042588941665489]",False,20.0,4.819074651885776,0.004229599999999,0.032840863165214,"[0.033572816252483005, 0.032856403371411005, 0.032825322959017]",2025-02-17 10:51:54,-3.108041239364284e-05
6802a67892bd801e9fb8adc7,NO3_6p86m_AC_1p68m,"['0.40091', '0.39367', '0.39593']",0.39480000000000004,2.2790815,1.21954475,0.3496,-1.05953675,-1.028420400974671,"{'NO3': 6.86, 'AC': 1.6800000000000002}",2025-02-17 10:51:58,"[2.2690801, 2.2770672, 2.2810958]","[1.2304543, 1.2226409999999999, 1.2164485]","['3.838e-01', '3.518e-01', '3.474e-01']",1.0,"[-1.0386258, -1.0544262, -1.0646473]","[-1.01887088439576, -1.024301971627413, -1.032538830321927]",False,20.0,4.035849872184135,0.004028599999999,0.11109576921843901,"[0.110554359921013, 0.10664730084059201, 0.11554423759628601]",2025-02-17 10:51:54,0.008896936755693
6802a67892bd801e9fb8adc8,ClO4_1p76m,"['0.70179', '0.62559', '0.32996']",0.47777499999999906,2.3281365,1.31354745,0.212055,-1.01458905,-0.572660474470002,{'ClO4': 1.76},2025-02-17 10:51:58,"[2.3111046, 2.3251412, 2.331131799999999]","[1.3151555, 1.3129529, 1.314142]","['5.793e-01', '4.241e-01', '1.000e-05']",1.0,"[-0.9959490999999999, -1.0121883, -1.0169898]","[-1.00766109469775, -1.01057343330549, -0.134747515634514]",False,20.0,4.6393494558971025,0.005990599999999,0.024113485958834002,"[0.041976962012425005, 0.004442880648026001, 0.043784091269642]",2025-02-17 10:51:55,0.039341210621616
6802a67892bd801e9fb8adc9,NO3_4m,"[None, None, None]",,2.3691768,1.32715275,,-1.04202405,-1.063540021891853,{'NO3': 4.0},2025-02-17 10:51:58,"[2.3751866, 2.3731774, 2.3651762]","[1.3571821, 1.3379525, 1.3163529999999999]","[None, None, None]",1.0,"[-1.0180045, -1.0352249, -1.0488232]","[-1.039136523597661, -1.056613773085509, -1.070466270698197]",False,24.25,4.5108377361194,-0.0080012,0.13407934712750302,"[0.14089933018889902, 0.13410154411455602, 0.13405715014045]",2025-02-17 10:51:56,-4.4393974106160534e-05
6802a67992bd801e9fb8adca,TFSI_16p87m_AC_4p18m,"['0.38877', '0.37525', '0.36543']",0.37034000000000006,2.57119465,1.4477491,0.11579,-1.12344555,-1.007480262266831,"{'TFSI': 16.87, 'AC': 4.18}",2025-04-01 21:07:27,"[2.5112435, 2.5612822, 2.581107099999999]","[1.4436307, 1.4500625999999999, 1.4454356]","['2.297e-01', '1.436e-01', '8.798e-02']",1.0,"[-1.0676128, -1.1112196, -1.1356715]","[-1.015738874911338, -1.013924600552495, -1.001035923981168]",False,23.68,1.3792282812513381,0.019824899999999,0.036604914290547005,"[0.039925277909196005, 0.035732402985687, 0.037477425595406004]",2025-04-01 21:00:11,0.0017450226097180002
6802a67992bd801e9fb8adcb,NO3_2p12m,"[None, None, None]",,2.31313455,1.2963438,,-1.01679075,-1.040918199598325,{'NO3': 2.12},2025-02-17 10:51:57,"[2.3511533, 2.3171239, 2.3091452]","[1.370165, 1.3073542, 1.2853334]","[None, None, None]",1.0,"[-0.9809882999999999, -1.0097697, -1.0238118]","[-1.005479642630477, -1.034206640271705, -1.047629758924946]",False,20.0,4.7282485269614245,-0.0079787,0.104320635775991,"[0.10651502897218501, 0.105656603651589, 0.10298466790039301]",2025-02-17 10:51:55,-0.0026719357511960002
6802a67992bd801e9fb8adcc,TFSI_0p87m,"[None, None, None]",,2.31513405,1.28012245,,-1.0350116,-1.058582144939852,{'TFSI': 0.87},2025-02-17 10:51:58,"[2.3091745, 2.3151505, 2.315117599999999]","[1.2761495, 1.2811432, 1.2791017]","[None, None, None]",1.0,"[-1.033025, -1.0340073, -1.0360159]","[-1.055615380624431, -1.058037540978115, -1.059126748901589]",False,20.0,4.430289795561243,-3.290000000033544e-05,0.027634674487659,"[0.028374996236746, 0.027399204030867003, 0.027870144944451003]",2025-02-17 10:51:54,0.00047094091358400005
6802a67992bd801e9fb8adcd,FSI_1p26m_SO4_1p26m,"[None, None, None]",,2.355056099999999,1.32055755,,-1.03449855,-1.058566596570331,"{'FSI': 1.26, 'SO4': 1.26}",2025-02-19 00:15:02,"[2.3171293, 2.3529667, 2.357145499999999]","[1.2981428, 1.3235648, 1.3175503]","[None, None, None]",1.0,"[-1.0189865, -1.0294019, -1.0395952]","[-1.043377250806551, -1.054165275240096, -1.062967917900566]",False,20.0,4.182945768255948,0.004178799999999001,0.071927027365335,"[0.07009677541136, 0.07197333638584501, 0.07188071834482501]",2025-02-18 23:38:58,-9.261804102016215e-05
6802a67a92bd801e9fb8adce,NO3_2m,"[None, None, None]",,2.3001306,1.2778917,,-1.0222389,-1.045097539930173,{'NO3': 2.0},2025-02-17 10:51:58,"[2.321081999999999, 2.305142, 2.2951192000000002]","[1.3367139, 1.2887074, 1.2670759999999999]","[None, None, None]",1.0,"[-0.9843681, -1.0164346, -1.0280432]","[-1.007429059629207, -1.038337533141857, -1.05185754671849]",False,23.25,4.742839549231871,-0.010022799999999001,0.10652821079397301,"[0.097200990915281, 0.104963738993571, 0.108092682594375]",2025-02-17 10:51:55,0.003128943600803
6802a67a92bd801e9fb8adcf,FSI_10p43m,"[None, None, None]",,2.585363499999999,1.4574878,,-1.1278757,-1.15150857494686,{'FSI': 10.43},2025-02-17 10:51:57,"[2.5531837, 2.5833841, 2.5873429]","[1.4969274, 1.4733281, 1.4416475]","[None, None, None]",1.0,"[-1.0562563, -1.110056, -1.1456954]","[-1.078506029936365, -1.134539209103668, -1.168477940790052]",False,20.0,2.594424254668088,0.003958799999999,0.07548355710672501,"[0.07971669309696501, 0.073986276196623, 0.07698083801682701]",2025-02-17 10:51:55,0.0029945618202030003
6802a67a92bd801e9fb8add0,ClO4_3p2m_SO4_0p96m,"[None, None, None]",,2.33609535,1.3319489500000001,,-1.0041464,-1.026513540630793,"{'ClO4': 3.2, 'SO4': 0.96}",2025-02-28 14:30:56,"[2.3329388, 2.3410891, 2.3311016]","[1.3515939, 1.3417461, 1.3221517999999999]","[None, None, None]",1.0,"[-0.9813449, -0.999343, -1.0089498]","[-1.00518928197196, -1.020858457166753, -1.032168624094832]",False,20.0,4.149994428812807,-0.009987499999999,0.120297698943486,"[0.13507465559547902, 0.129988172554855, 0.110607225332118]",2025-02-28 14:24:47,-0.019380947222736002
6802a67b92bd801e9fb8add1,NO3_2p24m_AC_3p92m,"['0.63486', '0.60282', '0.59026']",0.5965400000000001,2.157992649999999,1.156638,0.6063500000000001,-1.00135465,-1.019312529524853,"{'NO3': 2.24, 'AC': 3.92}",2025-02-28 15:39:01,"[2.1669873, 2.1589738, 2.1570115]","[1.1778252, 1.1600255, 1.1532505]","['6.142e-01', '6.042e-01', '6.085e-01']",1.0,"[-0.9891620999999999, -0.9989482999999999, -1.003761]","[-1.008031780865159, -1.01769799229088, -1.020927066758825]",False,20.0,4.222240803458117,-0.0019623,0.060072617750004005,"[0.060148774990983006, 0.058202050805634, 0.06194318469437401]",2025-02-28 15:32:54,0.00374113388874
6802a67b92bd801e9fb8add2,FSI_9p59m_NO3_1p6m,"['0.95488', '0.79162', '0.77586']",0.7837400000000001,2.6573874,1.56846425,0.44835,-1.08892315,-1.105632383491685,"{'FSI': 9.59, 'NO3': 1.6}",2025-04-01 22:17:18,"[2.6093611, 2.6533865, 2.6613883]","[1.5589602, 1.5755699, 1.5613586]","['3.633e-01', '4.477e-01', '4.490e-01']",1.0,"[-1.0504009, -1.0778166, -1.1000296999999999]","[-1.070138297075552, -1.095229173652364, -1.116035593331005]",False,23.68,2.637253398854117,0.0080018,0.083135004186415,"[0.087591715515084, 0.081034207439637, 0.08523580093319301]",2025-04-01 22:10:27,0.004201593493555001
6802a67b92bd801e9fb8add3,SO4_1m,"[None, None, None]",,2.2540714,1.24158415,,-1.01248725,-1.037576092895022,{'SO4': 1.0},2025-02-17 10:51:58,"[2.2889223, 2.2570804, 2.2510624]","[1.285136, 1.2457074, 1.2374609]","[None, None, None]",1.0,"[-1.0037863, -1.011373, -1.0136015]","[-1.0300775198992551, -1.037819426637771, -1.037332759152272]",False,23.18,4.689880059322863,-0.006017999999999001,0.066095358194848,"[0.06674237215548401, 0.066207585842622, 0.06598313054707401]",2025-02-17 10:51:55,-0.000224455295548
6802a67c92bd801e9fb8add4,TFSI_7p98m_FSI_14p62m_NO3_0p69m,"['0.78810', '0.64442', '0.76200']",0.7032100000000001,2.9353973,1.825889399999999,0.5862,-1.1095079,-1.129393127253256,"{'TFSI': 7.98, 'FSI': 14.62, 'NO3': 0.6900000000000001}",2025-03-19 19:57:58,"[2.8892484, 2.9374908, 2.9333038]","[1.8220044, 1.8354039, 1.8163749]","['5.419e-01', '6.105e-01', '5.619e-01']",1.0,"[-1.067244, -1.1020869, -1.1169289]","[-1.0884042562236491, -1.121656930148838, -1.137129324357675]",False,23.18,1.429420641862802,-0.0041869999999990005,0.016839100805495,"[0.018438229228190002, 0.016797337408758002, 0.016880864202232]",2025-03-19 19:50:44,8.352679347384263e-05
6802a67c92bd801e9fb8add5,ClO4_2p75m,"[None, None, None]",,2.317138,1.297628749999999,,-1.01950925,-1.036387395287382,{'ClO4': 2.75},2025-02-17 10:51:57,"[2.3171393, 2.317145199999999, 2.3171308]","[1.3329628, 1.3019272, 1.2933303]","[None, None, None]",1.0,"[-0.9841765, -1.015218, -1.0238005]","[-1.005795641085796, -1.03112757257566, -1.041647217999104]",False,20.0,4.45845570246493,-1.4399999999525901e-05,0.08418954674034701,"[0.083184740079837, 0.08666838377959701, 0.081710709701097]",2025-02-17 10:51:56,-0.004957674078499
6802a67d92bd801e9fb8add6,TFSI_2p51m_NO3_3p77m_ClO4_0p18m_SO4_0p09m_AC_0p30m,"['0.50979', '0.48387', '0.49046']",0.48716499999999996,2.41017825,1.34536925,0.46465000000000006,-1.064809,-1.065465187822099,"{'TFSI': 2.51, 'NO3': 3.77, 'ClO4': 0.18, 'SO4': 0.09, 'AC': 0.30000000000000004}",2025-03-13 18:15:48,"[2.3711712, 2.4092111000000003, 2.4111454]","[1.3265449999999999, 1.3479980999999999, 1.3427404]","['5.059e-01', '4.683e-01', '4.610e-01']",1.0,"[-1.0446262, -1.061213, -1.068405]","[-1.053194768513281, -1.062409285309637, -1.068521090334561]",False,22.75,3.340995853759414,0.001934299999999,0.069610112020105,"[0.076768186501661, 0.062041604420232, 0.077178619619978]",2025-03-13 18:09:11,0.015137015199746001
6802a67d92bd801e9fb8add7,TFSI_6p40m_NO3_3p10m_AC_2p90m,"['0.35640', '0.33446', '0.32667']",0.330565,2.4551068000000003,1.31305575,0.14150000000000001,-1.14205105,-1.023127568279694,"{'TFSI': 6.4, 'NO3': 3.1, 'AC': 2.9}",2025-04-01 17:34:21,"[2.3469179000000002, 2.4592282, 2.4509854]","[1.2523154, 1.319778, 1.3063335]","['3.011e-01', '1.692e-01', '1.138e-01']",1.0,"[-1.0946025, -1.1394502, -1.1446519]","[-1.054996994939801, -1.037605460078461, -1.008649676480928]",False,22.93,2.3569650643361753,-0.0082428,0.025619520289249003,"[0.025066377467472003, 0.025093532989266, 0.026145507589231003]",2025-04-01 17:27:11,0.001051974599965
6802a67d92bd801e9fb8add8,NO3_0p56m_ClO4_0p3m,"[None, None, None]",,2.2921141,1.26893145,,-1.023182649999999,-1.042503431582675,"{'NO3': 0.56, 'ClO4': 0.30000000000000004}",2025-02-18 23:06:56,"[2.3111011, 2.293100899999999, 2.2911273]","[1.3237388, 1.2755413, 1.2623216]","[None, None, None]",1.0,"[-0.9873622999999999, -1.0175596, -1.0288057]","[-1.008417800718457, -1.037066806322382, -1.047940056842968]",False,20.0,4.861767808146587,-0.001973599999999,0.052817372691426,"[0.05441059490069, 0.055964377065017, 0.049670368317835]",2025-02-18 23:00:53,-0.0062940087471810005
6802a67e92bd801e9fb8add9,FSI_20p9m_NO3_1p13m_AC_1p82m,"['0.43500', '0.42914', '0.37863']",0.40388500000000005,2.939508499999999,1.8392274,0.29045000000000004,-1.1002811000000001,-1.045324428596292,"{'FSI': 20.9, 'NO3': 1.13, 'AC': 1.82}",2025-03-07 18:28:58,"[2.8131979, 2.9234964, 2.9555206]","[1.7591695999999999, 1.8446379, 1.8338169]","['3.590e-01', '3.853e-01', '1.956e-01']",1.0,"[-1.0540283, -1.0788585, -1.1217037]","[-1.026817208095639, -1.049216601575561, -1.041432255617023]",False,20.0,1.6972514305664261,0.032024199999999,0.024322737384579,"[0.027870790367393, 0.024193102019770003, 0.024452372749388003]",2025-03-07 18:21:36,0.000259270729618
6802a67e92bd801e9fb8adda,FSI_1p68m,"['0.32597', None, '1.00000']",,2.3520655,1.28693485,,-1.06513065,-1.082816246841411,{'FSI': 1.6800000000000002},2025-02-17 10:51:57,"[2.3772187000000002, 2.3409647, 2.3631663]","[1.3479805, 1.2849208, 1.2889489]","['1.000e-05', None, '3.081e-01']",1.0,"[-1.0292382, -1.0560439, -1.0742174]","[-0.13954609925212502, -1.077200987595702, -1.088431506087121]",False,20.0,4.350287824396393,0.022201600000000002,0.045401850479293,"[0.000974504517879, 0.028339506530291003, 0.062464194428295004]",2025-02-17 10:51:56,0.034124687898003006
6802a67e92bd801e9fb8addb,TFSI_0p19m_FSI_2p74m_NO3_0p27m_ClO4_0p28m_SO4_0p28m_AC_0p29m,"['0.87941', '0.77382', '0.74367']",0.758745,2.2890383,1.2550135500000001,0.49375,-1.03402475,-1.0553557194781331,"{'TFSI': 0.19, 'FSI': 2.74, 'NO3': 0.27, 'ClO4': 0.28, 'SO4': 0.28, 'AC': 0.29}",2025-03-12 21:52:11,"[2.2651310000000002, 2.2889494, 2.2891272000000003]","[1.2427294, 1.2579134, 1.2521137]","['4.312e-01', '4.715e-01', '5.160e-01']",1.0,"[-1.0224016, -1.031036, -1.0370135]","[-1.043799995754029, -1.052297888760802, -1.058413550195463]",False,22.68,3.790743742658987,0.0001778,0.07502615734538201,"[0.07526585435103901, 0.070305080455394, 0.07974723423537]",2025-03-12 21:45:57,0.009442153779976
6802a67f92bd801e9fb8addc,TFSI_0p63m_NO3_5p1m,"[None, '0.77099', '0.71606']",0.743525,2.47930495,1.44685815,0.54335,-1.0324468,-1.051855946243223,"{'TFSI': 0.63, 'NO3': 5.1}",2025-02-17 10:51:57,"[2.443212, 2.4793241, 2.4792858]","[1.4382333, 1.4526862999999999, 1.44103]","[None, '5.248e-01', '5.619e-01']",1.0,"[-1.0049787, -1.0266378, -1.0382558]","[-1.027355568090231, -1.045572612587348, -1.058139279899097]",False,20.0,4.060475007882134,-3.8300000000379704e-05,0.122302811238299,"[0.12338846216919701, 0.125337078712419, 0.119268543764178]",2025-02-17 10:51:55,-0.006068534948241001
6802a67f92bd801e9fb8addd,ClO4_5m,"[None, None, None]",,2.37119725,1.338676599999999,,-1.03252065,-1.052550017229353,{'ClO4': 5.0},2025-02-17 10:51:58,"[2.3611940000000002, 2.3712479, 2.3711466]","[1.3739972, 1.3454199, 1.3319333]","[None, None, None]",1.0,"[-0.9871968, -1.025828, -1.0392133]","[-1.012242182910007, -1.045011745546355, -1.060088288912352]",False,23.31,4.095525246403033,-0.00010130000000000001,0.085200275660452,"[0.17295518599110302, 0.16246176941077, 0.007938781910134]",2025-02-17 10:51:55,-0.154522987500635
6802a67f92bd801e9fb8adde,NO3_4p83m_AC_2p84m,"['0.41406', '0.35731', '0.33999']",0.34865,2.20199745,1.1665505,0.4101,-1.035446949999999,-1.019064960854197,"{'NO3': 4.83, 'AC': 2.84}",2025-04-01 18:43:48,"[2.2230527, 2.2030154, 2.2009795]","[1.1964651, 1.1698495, 1.1632514999999999]","['4.238e-01', '4.181e-01', '4.021e-01']",1.0,"[-1.0265876, -1.0331659, -1.037728]","[-1.022724958924817, -1.020550642809815, -1.017579278898579]",False,23.37,4.097011457627146,-0.0020359,0.077197822162168,"[0.08513395732474201, 0.07699145599964001, 0.077404188324696]",2025-04-01 18:37:16,0.00041273232505600004
6802a68092bd801e9fb8addf,TFSI_3p85m,"[None, None, None]",,2.43412595,1.3691967,,-1.06492925,-1.085352024296152,{'TFSI': 3.85},2025-02-17 10:51:57,"[2.4072417, 2.4392324, 2.4290195]","[1.3529872, 1.3772063, 1.3611871]","[None, None, None]",1.0,"[-1.0542545, -1.0620261, -1.0678324]","[-1.078775410667114, -1.0813749810388, -1.089329067553504]",False,20.0,3.1866072372610352,-0.010212899999999001,0.040837601592658,"[0.049695505771405, 0.048859408451875, 0.032815794733442004]",2025-02-17 10:51:55,-0.016043613718433002
6802a68092bd801e9fb8ade0,AC_4m,"['0.50300', '0.47832', '0.49243']",0.485375,2.1619888,1.12939185,0.5535,-1.03259695,-1.0474414725007901,{'AC': 4.0},2025-02-19 02:32:21,"[2.146984299999999, 2.1670019, 2.1569757]","[1.1115948, 1.1318092, 1.1269745]","['5.347e-01', '5.416e-01', '5.654e-01']",1.0,"[-1.0353895, -1.0351927, -1.0300012]","[-1.04391816985463, -1.04732717153669, -1.047555773464891]",False,20.0,4.440505209364047,-0.010026199999999002,0.036857565568537004,"[0.037855941030923004, 0.036599207437673004, 0.037115923699402004]",2025-02-19 02:26:07,0.000516716261728
6802a68092bd801e9fb8ade1,FSI_13p44m_NO3_3p64m,"[None, None, None]",,2.78436,1.72161595,,-1.06274405,-1.082812092359778,"{'FSI': 13.44, 'NO3': 3.64}",2025-02-17 10:51:57,"[2.7091320000000003, 2.7853683, 2.7833517]","[1.685912, 1.7319217999999998, 1.7113101]","[None, None, None]",1.0,"[-1.02322, -1.0534465, -1.0720416]","[-1.045616925800731, -1.072953800277262, -1.092670384442294]",False,20.0,2.180097194947711,-0.0020166000000000003,0.055893440306254004,"[0.057623380522841, 0.056697833961305004, 0.055089046651202005]",2025-02-17 10:51:55,-0.0016087873101030001
6802a68192bd801e9fb8ade2,TFSI_0p42m_ClO4_0p6m_SO4_0p06m_AC_0p28m,"['0.57964', '0.60367', '0.62510']",0.614385,2.1880199,1.16382235,0.663149999999999,-1.02419755,-1.044842777554682,"{'TFSI': 0.42, 'ClO4': 0.6000000000000001, 'SO4': 0.06, 'AC': 0.28}",2025-02-28 19:04:40,"[2.2090679, 2.1890043, 2.1870355]","[1.1814513, 1.164808, 1.1628367]","['6.572e-01', '6.687e-01', '6.576e-01']",1.0,"[-1.0276166, -1.0241963, -1.0241988]","[-1.04635537568505, -1.04467372838626, -1.045011826723105]",False,20.0,4.5398055251124045,-0.0019688,0.055460833376452,"[0.05255161947101301, 0.056075227116228005, 0.054846439636675]",2025-02-28 18:58:37,-0.001228787479553
6802a68192bd801e9fb8ade3,TFSI_2p74m_NO3_2p59m_ClO4_0p15m_SO4_0p07m,"[None, None, '0.78724']",,2.52731455,1.47047355,,-1.056841,-1.0816739755937541,"{'TFSI': 2.74, 'NO3': 2.59, 'ClO4': 0.15, 'SO4': 0.07}",2025-03-13 17:06:17,"[2.4852674, 2.527332399999999, 2.5272967]","[1.4470220999999999, 1.4754838, 1.4654633]","[None, None, '5.363e-01']",1.0,"[-1.0382453, -1.0518486, -1.0618334]","[-1.062763244027819, -1.076507622032672, -1.086840329154835]",False,22.62,3.36367752671487,-3.569999999974982e-05,0.074841415901105,"[0.07951397631403001, 0.06791044555277401, 0.081772386249435]",2025-03-13 16:59:42,0.013861940696661001
6802a68192bd801e9fb8ade4,TFSI_1p68m_FSI_2p52m_NO3_2p66m,"[None, '0.84523', '0.80609']",0.8256600000000001,2.5551976,1.4779719500000001,0.4727,-1.07722565,-1.100169531219937,"{'TFSI': 1.6800000000000002, 'FSI': 2.52, 'NO3': 2.66}",2025-02-28 17:56:35,"[2.4172212, 2.5530969, 2.5572983000000002]","[1.3820000000000001, 1.4848809, 1.471063]","[None, '4.733e-01', '4.721e-01']",1.0,"[-1.0352212, -1.068216, -1.0862353]","[-1.062123781628952, -1.091538513848774, -1.108800548591099]",False,20.0,3.237382488904536,0.0042014,0.07779574853941,"[0.08032834715913201, 0.071965889471008, 0.083625607607812]",2025-02-28 17:49:55,0.011659718136803
6802a68292bd801e9fb8ade5,TFSI_0p25m,"[None, None, None]",,2.2930375,1.26270305,,-1.03033445,-1.04688291208172,{'TFSI': 0.25},2025-02-17 10:51:57,"[2.281124, 2.2911306, 2.2949444]","[1.2457179, 1.2596916, 1.2657145]","[None, None, None]",1.0,"[-1.0354060999999999, -1.031439, -1.0292299]","[-1.049920993278865, -1.047529281752981, -1.046236542410459]",False,20.0,4.821822113359146,0.0038138000000000004,0.009377882509753,"[0.009291834504275, 0.00943012777993, 0.009325637239575]",2025-02-17 10:51:54,-0.00010449054035500001
6802a68292bd801e9fb8ade6,ClO4_1p30m,"['0.97217', None, None]",,2.2691308,1.2526103,,-1.0165205,-1.040011319689246,{'ClO4': 1.3},2025-02-17 10:51:57,"[2.2769297, 2.2711404, 2.2671212]","[1.2753298, 1.2571246999999999, 1.2480959]","['2.344e-01', None, None]",1.0,"[-1.0015999, -1.0140157, -1.0190253]","[-1.008606724584644, -1.037837351610817, -1.042185287767674]",False,20.0,4.728491871403417,-0.0040192000000000005,0.07730489504669001,"[0.078632050609466, 0.077755656466125, 0.076854133627255]",2025-02-17 10:51:54,-0.0009015228388690001
6802a6a292bd801e9fb8ade7,NO3_3p15m_AC_6p65m,,,,,,,,"{'NO3': 3.15, 'AC': 6.65}",,,,,,,,True,,3.861393261716573,,,,,
6802a6a292bd801e9fb8ade8,FSI_5p25m_SO4_3m,,,,,,,,"{'FSI': 5.25, 'SO4': 3.0}",,,,,,,,True,,3.002836342911257,,,,,
6802a6a292bd801e9fb8ade9,ClO4_3p25m_AC_4p2m,,,,,,,,"{'ClO4': 3.25, 'AC': 4.2}",,,,,,,,True,,3.918965473971194,,,,,
6802a6a292bd801e9fb8adea,NO3_6p65m_SO4_0p6m,,,,,,,,"{'NO3': 6.65, 'SO4': 0.6000000000000001}",,,,,,,,True,,4.098497402219595,,,,,
6802a6a392bd801e9fb8adeb,ClO4_4p75m_SO4_1p8m,,,,,,,,"{'ClO4': 4.75, 'SO4': 1.8}",,,,,,,,True,,3.762714154726249,,,,,
6802a6a392bd801e9fb8adec,SO4_1p2m_AC_4p9m,,,,,,,,"{'SO4': 1.2, 'AC': 4.9}",,,,,,,,True,,4.052855824480181,,,,,
6802a6a392bd801e9fb8aded,NO3_6p3m_SO4_0p42m,,,,,,,,"{'NO3': 6.3, 'SO4': 0.42}",,,,,,,,True,,4.17164449448223,,,,,
6802a6a392bd801e9fb8adee,NO3_1p54m_SO4_2p76m,,,,,,,,"{'NO3': 1.54, 'SO4': 2.76}",,,,,,,,True,,4.084113281649133,,,,,
6802a6a492bd801e9fb8adef,FSI_13p02m_ClO4_2p8m,,,,,,,,"{'FSI': 13.02, 'ClO4': 2.8}",,,,,,,,True,,2.191896511993244,,,,,
6802a6a492bd801e9fb8adf0,FSI_18p48m_SO4_1p08m,,,,,,,,"{'FSI': 18.48, 'SO4': 1.08}",,,,,,,,True,,1.8421247499154432,,,,,
6802a6a492bd801e9fb8adf1,SO4_2p58m_AC_3p08m,,,,,,,,"{'SO4': 2.58, 'AC': 3.08}",,,,,,,,True,,3.944393969728216,,,,,
6802a6a592bd801e9fb8adf2,TFSI_7p98m_ClO4_2p7m,,,,,,,,"{'TFSI': 7.98, 'ClO4': 2.7}",,,,,,,,True,,2.175069970016887,,,,,
6802a6a592bd801e9fb8adf3,FSI_13p86m_ClO4_1p4m,,,,,,,,"{'FSI': 13.86, 'ClO4': 1.4}",,,,,,,,True,,2.179629627177461,,,,,
6802a6a592bd801e9fb8adf4,ClO4_1p7m_SO4_0p36m_AC_4p2m,,,,,,,,"{'ClO4': 1.7000000000000002, 'SO4': 0.36, 'AC': 4.2}",,,,,,,,True,,4.061110941308917,,,,,
6802a6a592bd801e9fb8adf5,FSI_5p88m_ClO4_3p9m_AC_1p54m,,,,,,,,"{'FSI': 5.88, 'ClO4': 3.9, 'AC': 1.54}",,,,,,,,True,,2.86781049253122,,,,,
6802a6a692bd801e9fb8adf6,FSI_0p84m_SO4_1p14m_AC_6p58m,,,,,,,,"{'FSI': 0.84, 'SO4': 1.1400000000000001, 'AC': 6.58}",,,,,,,,True,,3.683718224425337,,,,,
6802a6a692bd801e9fb8adf7,FSI_8p4m_ClO4_4m_SO4_0p6m,,,,,,,,"{'FSI': 8.4, 'ClO4': 4.0, 'SO4': 0.6000000000000001}",,,,,,,,True,,2.546995758239023,,,,,
6802a6a692bd801e9fb8adf8,FSI_3p36m_NO3_7m_ClO4_3p7m,,,,,,,,"{'FSI': 3.36, 'NO3': 7.0, 'ClO4': 3.7}",,,,,,,,True,,3.026824518029435,,,,,
6802a6a792bd801e9fb8adf9,NO3_4p76m_ClO4_3p4m_SO4_1p74m,,,,,,,,"{'NO3': 4.76, 'ClO4': 3.4, 'SO4': 1.74}",,,,,,,,True,,3.586085668700266,,,,,
6802a6a792bd801e9fb8adfa,FSI_20p16m_NO3_6p16m_SO4_1p5m,,,,,,,,"{'FSI': 20.16, 'NO3': 6.16, 'SO4': 1.5}",,,,,,,,True,,1.634853035767668,,,,,
6802a6a792bd801e9fb8adfb,FSI_14p28m_NO3_5p18m_ClO4_2p2m_AC_0p56m,,,,,,,,"{'FSI': 14.28, 'NO3': 5.18, 'ClO4': 2.2, 'AC': 0.56}",,,,,,,,True,,1.980424138560018,,,,,
6802a6a792bd801e9fb8adfc,FSI_19p74m_ClO4_0p9m_SO4_1p8m_AC_2p52m,,,,,,,,"{'FSI': 19.74, 'ClO4': 0.9, 'SO4': 1.8, 'AC': 2.52}",,,,,,,,True,,1.670559094420398,,,,,
6802a6a892bd801e9fb8adfd,FSI_7p14m_NO3_2p52m_ClO4_3p5m_AC_6p86m,,,,,,,,"{'FSI': 7.14, 'NO3': 2.52, 'ClO4': 3.5, 'AC': 6.86}",,,,,,,,True,,2.411113967769245,,,,,
6802a6a892bd801e9fb8adfe,FSI_18p06m_NO3_1p4m_ClO4_4p6m_SO4_1p38m,,,,,,,,"{'FSI': 18.06, 'NO3': 1.4, 'ClO4': 4.6, 'SO4': 1.38}",,,,,,,,True,,1.7019023428773932,,,,,
6802a6a892bd801e9fb8adff,TFSI_0p84m_FSI_12p18m_NO3_0p98m_SO4_3m_AC_0p84m,,,,,,,,"{'TFSI': 0.84, 'FSI': 12.18, 'NO3': 0.98, 'SO4': 3.0, 'AC': 0.84}",,,,,,,,True,,2.033887960632319,,,,,
6802a6a992bd801e9fb8ae00,NO3_4p9m_ClO4_3p1m_SO4_2p28m_AC_4p9m,,,,,,,,"{'NO3': 4.9, 'ClO4': 3.1, 'SO4': 2.2800000000000002, 'AC': 4.9}",,,,,,,,True,,3.174849262794403,,,,,
6802a6a992bd801e9fb8ae01,TFSI_1p42m_NO3_3p28m_SO4_1p40m,,,,,,,,"{'TFSI': 1.42, 'NO3': 3.2800000000000002, 'SO4': 1.4}",,,,,,,,True,,3.59353606407125,,,,,
6802a6a992bd801e9fb8ae02,TFSI_3p41m_NO3_3p92m_SO4_0p84m,,,,,,,,"{'TFSI': 3.41, 'NO3': 3.92, 'SO4': 0.84}",,,,,,,,True,,3.001473035416225,,,,,
6802a6a992bd801e9fb8ae03,NO3_2p82m_ClO4_0p98m_SO4_1p21m,,,,,,,,"{'NO3': 2.8200000000000003, 'ClO4': 0.98, 'SO4': 1.21}",,,,,,,,True,,4.167540069073322,,,,,
6802a6aa92bd801e9fb8ae04,FSI_1p90m_NO3_1p53m_ClO4_1p06m_SO4_0p66m,,,,,,,,"{'FSI': 1.9, 'NO3': 1.53, 'ClO4': 1.06, 'SO4': 0.66}",,,,,,,,True,,3.843647899607529,,,,,
6802a6aa92bd801e9fb8ae05,TFSI_10m_NO3_5m_ClO4_1m_SO4_1m,,,,,,,,"{'TFSI': 10.0, 'NO3': 5.0, 'ClO4': 1.0, 'SO4': 1.0}",,,,,,,,True,,1.8355749855096501,,,,,
6802a6aa92bd801e9fb8ae06,TFSI_10m_NO3_4m_ClO4_1m_SO4_1m_AC_1m,,,,,,,,"{'TFSI': 10.0, 'NO3': 4.0, 'ClO4': 1.0, 'SO4': 1.0, 'AC': 1.0}",,,,,,,,True,,1.832622065505202,,,,,
6802a6ab92bd801e9fb8ae07,TFSI_7m_NO3_4m_ClO4_1m_SO4_1m_AC_4m,,,,,,,,"{'TFSI': 7.0, 'NO3': 4.0, 'ClO4': 1.0, 'SO4': 1.0, 'AC': 4.0}",,,,,,,,True,,2.10136924831181,,,,,
6802a6ab92bd801e9fb8ae08,TFSI_1m_FSI_10m_NO3_1m_ClO4_1m_SO4_1m_AC_1m,,,,,,,,"{'TFSI': 1.0, 'FSI': 10.0, 'NO3': 1.0, 'ClO4': 1.0, 'SO4': 1.0, 'AC': 1.0}",,,,,,,,True,,2.2668568185592592,,,,,
6802a6ab92bd801e9fb8ae09,TFSI_10m_NO3_5m_ClO4_0p2m_SO4_0p2m,,,,,,,,"{'TFSI': 10.0, 'NO3': 5.0, 'ClO4': 0.2, 'SO4': 0.2}",,,,,,,,True,,1.897024434801481,,,,,
6802a6ab92bd801e9fb8ae0a,TFSI_10m_NO3_4m_ClO4_0p5m_SO4_0p2m_AC_2m,,,,,,,,"{'TFSI': 10.0, 'NO3': 4.0, 'ClO4': 0.5, 'SO4': 0.2, 'AC': 2.0}",,,,,,,,True,,1.8623042180061562,,,,,
6802a6ac92bd801e9fb8ae0b,TFSI_8p02m_FSI_14p46m_ClO4_0p47m,,,,,,,,"{'TFSI': 8.02, 'FSI': 14.46, 'ClO4': 0.47000000000000003}",,,,,,,,True,,1.4319826006744991,,,,,
6802a6ac92bd801e9fb8ae0c,TFSI_8p40m_FSI_14p62m_SO4_0p29m_AC_0p72m,,,,,,,,"{'TFSI': 8.4, 'FSI': 14.62, 'SO4': 0.29, 'AC': 0.72}",,,,,,,,True,,1.3954200308312341,,,,,
6802a6ac92bd801e9fb8ae0d,TFSI_7p89m_FSI_14p17m_ClO4_0p51m_SO4_0p31m,,,,,,,,"{'TFSI': 7.89, 'FSI': 14.17, 'ClO4': 0.51, 'SO4': 0.31}",,,,,,,,True,,1.441365656900399,,,,,
6802a6ad92bd801e9fb8ae0e,FSI_6p3m_NO3_1p4m_ClO4_2m,,,,,,,,"{'FSI': 6.3, 'NO3': 1.4, 'ClO4': 2.0}",,,,,,,,True,,2.9649799537421453,,,,,
6802a6ad92bd801e9fb8ae0f,TFSI_10p5m_FSI_4p2m_NO3_2p8m,,,,,,,,"{'TFSI': 10.5, 'FSI': 4.2, 'NO3': 2.8}",,,,,,,,True,,1.6659542630102,,,,,
6802a6ad92bd801e9fb8ae10,TFSI_6p3m_FSI_8p4m_NO3_2p1m_ClO4_0p5m,,,,,,,,"{'TFSI': 6.3, 'FSI': 8.4, 'NO3': 2.1, 'ClO4': 0.5}",,,,,,,,True,,1.813589882830089,,,,,
6802a6ad92bd801e9fb8ae11,TFSI_21m_FSI_6p3m_AC_1p4m,,,,,,,,"{'TFSI': 21.0, 'FSI': 6.3, 'AC': 1.4}",,,,,,,,True,,1.061985925748727,,,,,
6802a6ae92bd801e9fb8ae12,TFSI_4p2m_FSI_16p8m_AC_2p8m,,,,,,,,"{'TFSI': 4.2, 'FSI': 16.8, 'AC': 2.8}",,,,,,,,True,,1.5612845074118131,,,,,
6802a6ae92bd801e9fb8ae13,TFSI_8p4m_FSI_6p3m_AC_5p6m,,,,,,,,"{'TFSI': 8.4, 'FSI': 6.3, 'AC': 5.6}",,,,,,,,True,,1.678946818716999,,,,,
6802a6ae92bd801e9fb8ae14,FSI_21m_NO3_3p5m,,,,,,,,"{'FSI': 21.0, 'NO3': 3.5}",,,,,,,,True,,1.6881900498633642,,,,,
6802a6ae92bd801e9fb8ae15,FSI_16p8m_AC_4p9m,,,,,,,,"{'FSI': 16.8, 'AC': 4.9}",,,,,,,,True,,1.888331661689346,,,,,
6802a6af92bd801e9fb8ae16,FSI_10p5m_AC_7m,,,,,,,,"{'FSI': 10.5, 'AC': 7.0}",,,,,,,,True,,2.321339014212841,,,,,
6802a6af92bd801e9fb8ae17,FSI_10p5m_NO3_3p5m_AC_3p5m,,,,,,,,"{'FSI': 10.5, 'NO3': 3.5, 'AC': 3.5}",,,,,,,,True,,2.338013802382773,,,,,
6802a6af92bd801e9fb8ae18,NO3_3p5m_ClO4_5m,,,,,,,,"{'NO3': 3.5, 'ClO4': 5.0}",,,,,,,,True,,3.800168906435882,,,,,
6802a6af92bd801e9fb8ae19,TFSI_4p2m_FSI_6p3m_SO4_0p9m_NO3_0p7m,,,,,,,,"{'TFSI': 4.2, 'FSI': 6.3, 'SO4': 0.9, 'NO3': 0.7000000000000001}",,,,,,,,True,,2.213025865581873,,,,,
6802a6b092bd801e9fb8ae1a,TFSI_2p1m_FSI_6p3m_SO4_0p9m_AC_2p1m,,,,,,,,"{'TFSI': 2.1, 'FSI': 6.3, 'SO4': 0.9, 'AC': 2.1}",,,,,,,,True,,2.504857486526052,,,,,
6802a6b092bd801e9fb8ae1b,FSI_3p7m_SO4_0p51m_NO3_0p42m,,,,,,,,"{'FSI': 3.7, 'SO4': 0.51, 'NO3': 0.42}",,,,,,,,True,,3.638919590242979,,,,,
6802a6b092bd801e9fb8ae1c,FSI_3p32m_SO4_0p47m_AC_1p12m,,,,,,,,"{'FSI': 3.32, 'SO4': 0.47000000000000003, 'AC': 1.12}",,,,,,,,True,,3.672417705236719,,,,,
